,filename,Invoice_no,Invoice_date,Vendor_name,Product_model,Qty,Unit_price,Item_total,Invoice_total,Currency,Confidence,low_conf_fields
0,MDOVZBRQ2200040.pdf,MDOVZBRQ2200040,24/01/22,"JIANGSU MIDEA CLEANING APPLIANCES CO.,LTD","EC-CA1820-Z
EC-CA1820-Z
EC-CA2121-Z",300,33.9,2542.5,97804.19,USD,0.95425,
1,MDOVZBRQ2200040.pdf,MDOVZBRQ2200040,24/01/22,"JIANGSU MIDEA CLEANING APPLIANCES CO.,LTD",EC-CA2422-Z,731,39.99,29232.69,97804.19,USD,0.956125,
2,MDOVZBRQ2200040.pdf,MDOVZBRQ2200040,24/01/22,"JIANGSU MIDEA CLEANING APPLIANCES CO.,LTD","EC-BL2203A-RZ
EC-BG2005A-BZ",400,40.02,6003,97804.19,USD,0.9545,
3,MDOVZBRQ2200040.pdf,MDOVZBRQ2200040,24/01/22,"JIANGSU MIDEA CLEANING APPLIANCES CO.,LTD",EC-BG2205A-BZ,300,41.47,12441,97804.19,USD,0.956,
4,MDOVZBRQ2200040.pdf,MDOVZBRQ2200040,24/01/22,"JIANGSU MIDEA CLEANING APPLIANCES CO.,LTD",EC-BL2003A-RZ,150,42.83,6424.5,97804.19,USD,0.956125,
5,MDOVZBRQ2107353.pdf,MDOVZBRQ2107353,25/11/21,"JIANGSU MIDEA CLEANING APPLIANCES CO.,LTD",EC-BG1601A-RZ,200,26.13,5226,19921.5,USD,0.883875,
6,MDOVZBRQ2107353.pdf,MDOVZBRQ2107353,25/11/21,"JIANGSU MIDEA CLEANING APPLIANCES CO.,LTD",EC-BG2205A-RZ,150,41.47,6220.5,19921.5,USD,0.88375,
7,MDOVZBRQ2107353.pdf,MDOVZBRQ2107353,25/11/21,"JIANGSU MIDEA CLEANING APPLIANCES CO.,LTD",EC-CA1820-Z,250,33.9,8475,19921.5,USD,0.884,
8,MDOVZBRQ2200043.pdf,MDOVZBRQ2200043,24/01/22,"JIANGSU MIDEA CLEANING APPLIANCES CO.,LTD",EC-CA2422-Z,731,39.99,29232.69,58465.38,USD,0.8985,
9,MDOVZBRQ2200043.pdf,MDOVZBRQ2200043,24/01/22,"JIANGSU MIDEA CLEANING APPLIANCES CO.,LTD",EC-CA2422-Z,731,39.99,29232.69,58465.38,USD,0.8985,
10,MDOVZBRQ2200042.pdf,MDOVZBRQ2200042,20/01/22,"JIANGSU MIDEA CLEANING APPLIANCES CO.,LTD",EC-CA2422-Z,731,39.99,29232.69,58465.38,USD,0.941375,
11,MDOVZBRQ2200042.pdf,MDOVZBRQ2200042,20/01/22,"JIANGSU MIDEA CLEANING APPLIANCES CO.,LTD",EC-CA2422-Z,731,39.99,29232.69,58465.38,USD,0.941375,
12,MDOVZBRQ2108883.pdf,MDOVZBRQ2108883,01/01/22,"JIANGSU MIDEA CLEANING APPLIANCES CO.,LTD",EC-CA2422-Z,731,39.99,29232.69,87698.07,USD,0.891625,
13,MDOVZBRQ2108883.pdf,MDOVZBRQ2108883,01/01/22,"JIANGSU MIDEA CLEANING APPLIANCES CO.,LTD","EC-CA2422-Z
EC-CA2422-Z",731,39.99,29232.69,87698.07,USD,0.889875,
14,MDOVZBRQ2200734.pdf,MDOVZBRQ2200734,21/02/22,"JIANGSU MIDEA CLEANING APPLIANCES CO.,LTD",EC-CA2422-Z,731,39.99,29232.69,116930.76,USD,0.86425,Product Model
15,MDOVZBRQ2200734.pdf,MDOVZBRQ2200734,21/02/22,"JIANGSU MIDEA CLEANING APPLIANCES CO.,LTD",EC-CA2422-Z,731,39.99,29232.69,116930.76,USD,0.875,Product Model
16,MDOVZBRQ2200734.pdf,MDOVZBRQ2200734,21/02/22,"JIANGSU MIDEA CLEANING APPLIANCES CO.,LTD",EC-CA2422-Z,731,39.99,29232.69,116930.76,USD,0.877,Product Model
17,MDOVZBRQ2200734.pdf,MDOVZBRQ2200734,21/02/22,"JIANGSU MIDEA CLEANING APPLIANCES CO.,LTD",EC-CA2422-Z,731,39.99,29232.69,116930.76,USD,0.9415,
18,MDOVZBRQ2108324 (1).pdf,MDOVZBRQ2108324,06/01/22,"JIANGSU MIDEA CLEANING APPLIANCES CO.,LTD",EC-CA1820-X,753,33.9,25526.7,81872.55,USD,0.888375,
19,MDOVZBRQ2108324 (1).pdf,MDOVZBRQ2108324,06/01/22,"JIANGSU MIDEA CLEANING APPLIANCES CO.,LTD",EC-CA2121-X,733,38.03,27875.99,81872.55,USD,0.888375,
20,MDOVZBRQ2108324 (1).pdf,MDOVZBRQ2108324,06/01/22,"JIANGSU MIDEA CLEANING APPLIANCES CO.,LTD","EC-CA1820-X
EC-CA2121-X",47,33.9,3288.3,81872.55,USD,0.8845,
21,MDOVZBRQ2108324 (1).pdf,MDOVZBRQ2108324,06/01/22,"JIANGSU MIDEA CLEANING APPLIANCES CO.,LTD",EC-CA2422-X,585,39.99,23394.15,81872.55,USD,0.888375,
22,MDOVZBRQ2200087.pdf,MDOVZBRQ2200087,11/01/22,"JIANGSU MIDEA CLEANING APPLIANCES CO.,LTD",EC-CA2422-Z,731,39.99,29232.69,29232.69,USD,0.8075,Product Model
23,MDOVZBRQ2108486-IN-PL.pdf,MDOVZBRQ2108486,22/12/21,"JIANGSU MIDEA CLEANING APPLIANCES CO.,LTD",EC-CA1820-Z,300,33.9,10170,111868.07,USD,0.9115,
24,MDOVZBRQ2108486-IN-PL.pdf,MDOVZBRQ2108486,22/12/21,"JIANGSU MIDEA CLEANING APPLIANCES CO.,LTD",EC-CA1820-Z,453,33.9,15356.7,111868.07,USD,0.9115,
25,MDOVZBRQ2108486-IN-PL.pdf,MDOVZBRQ2108486,22/12/21,"JIANGSU MIDEA CLEANING APPLIANCES CO.,LTD",EC-CA2121-Z,350,38.03,13310.5,111868.07,USD,0.9115,
26,MDOVZBRQ2108486-IN-PL.pdf,MDOVZBRQ2108486,22/12/21,"JIANGSU MIDEA CLEANING APPLIANCES CO.,LTD",EC-CA2121-Z,383,38.03,14565.49,111868.07,USD,0.9115,
27,MDOVZBRQ2108486-IN-PL.pdf,MDOVZBRQ2108486,22/12/21,"JIANGSU MIDEA CLEANING APPLIANCES CO.,LTD",EC-CA2422-Z,731,39.99,29232.69,111868.07,USD,0.9115,
28,MDOVZBRQ2108486-IN-PL.pdf,MDOVZBRQ2108486,22/12/21,"JIANGSU MIDEA CLEANING APPLIANCES CO.,LTD",EC-CA2422-Z,731,39.99,29232.69,111868.07,USD,0.9115,
29,MDOVZBRQ2106762.pdf,MDOVZBRQ2106762,02/12/21,"JIANGSU MIDEA CLEANING APPLIANCES CO.,LTD",EC-BG1601A-RZ,250,26.13,6532.5,48342.5,USD,0.873,
30,MDOVZBRQ2106762.pdf,MDOVZBRQ2106762,02/12/21,"JIANGSU MIDEA CLEANING APPLIANCES CO.,LTD",EC-BG2205A-BZ,200,41.47,8294,48342.5,USD,0.873,
31,MDOVZBRQ2106762.pdf,MDOVZBRQ2106762,02/12/21,"JIANGSU MIDEA CLEANING APPLIANCES CO.,LTD","EC-CS150DC-BZ
EC-CS150DC-RZ",300,55.86,16758,48342.5,USD,0.872375,
32,MDOVZBRQ2108997.pdf,MDOVZBRQ2108997,11/01/22,"JIANGSU MIDEA CLEANING APPLIANCES CO.,LTD","SHARP BRAND
PRODUCTS VACUUM
CLEANER
EC-CA2422-Z",731,39.99,29232.69,29232.69,USD,0.77475,Product Model
33,MDOVZBRQ2108997.pdf,MDOVZBRQ2108997,11/01/22,"JIANGSU MIDEA CLEANING APPLIANCES CO.,LTD",WHSU6205175,,,,29232.69,USD,0.43925,Unit Price
34,MDOVZBRQ2200394.pdf,MDOVZBRQ2200394,24/01/22,"JIANGSU MIDEA CLEANING APPLIANCES CO.,LTD",EC-CA2422-Z,731,39.99,29232.69,29232.69,USD,0.795625,Product Model
35,MDOVZBRQ2200814.pdf,MDOVZBRQ2200814,24/02/22,"JIANGSU MIDEA CLEANING APPLIANCES CO.,LTD","EC-CA1820-Z
EC-CA1820-Z",358,33.9,13390.5,54759.39,USD,0.8095,Product Model
36,MDOVZBRQ2200814.pdf,MDOVZBRQ2200814,24/02/22,"JIANGSU MIDEA CLEANING APPLIANCES CO.,LTD",EC-CA2422-Z,731,39.99,29232.69,54759.39,USD,0.804875,Product Model
37,MDOVZBRQ2107309.pdf,MDOVZBRQ2107309,18/11/21,"JIANGSU MIDEA CLEANING APPLIANCES CO.,LTD",EC-CA2422-Z,731,39.99,29232.69,29232.69,USD,0.86075,Product Model
38,MDOVZBRQ2108883 (2).pdf,MDOVZBRQ2108883,01/01/22,"JIANGSU MIDEA CLEANING APPLIANCES CO.,LTD",EC-CA2422-Z,731,39.99,29232.69,87698.07,USD,0.891625,
39,MDOVZBRQ2108883 (2).pdf,MDOVZBRQ2108883,01/01/22,"JIANGSU MIDEA CLEANING APPLIANCES CO.,LTD","EC-CA2422-Z
EC-CA2422-Z",731,39.99,29232.69,87698.07,USD,0.889875,
40,MDOVZBRQ2200813.pdf,MDOVZBRQ2200813,21/02/22,"JIANGSU MIDEA CLEANING APPLIANCES CO.,LTD",EC-BL2003A-RZ,445,42.83,19059.35,40234.25,USD,0.898375,
41,MDOVZBRQ2200813.pdf,MDOVZBRQ2200813,21/02/22,"JIANGSU MIDEA CLEANING APPLIANCES CO.,LTD",EC-BL2203A-RZ,350,44.2,15470,40234.25,USD,0.898375,
42,MDOVZBRQ2200813.pdf,MDOVZBRQ2200813,21/02/22,"JIANGSU MIDEA CLEANING APPLIANCES CO.,LTD",EC-BL2203A-RZ,100,44.2,4420,40234.25,USD,0.898375,
43,MDOVZBRQ2200813.pdf,MDOVZBRQ2200813,21/02/22,"JIANGSU MIDEA CLEANING APPLIANCES CO.,LTD",EC-BL2003A-RZ,30,42.83,1284.9,40234.25,USD,0.898375,
44,MDOVZBRQ2107313.pdf,MDOVZBRQ2107313,23/11/21,"JIANGSU MIDEA CLEANING APPLIANCES CO.,LTD",EC-CA1820-Z,753,33.9,25526.7,111868.07,USD,0.852875,Product Model
45,MDOVZBRQ2107313.pdf,MDOVZBRQ2107313,23/11/21,"JIANGSU MIDEA CLEANING APPLIANCES CO.,LTD",EC-CA2121-Z,733,38.03,27875.99,111868.07,USD,0.932875,
46,MDOVZBRQ2107313.pdf,MDOVZBRQ2107313,23/11/21,"JIANGSU MIDEA CLEANING APPLIANCES CO.,LTD",EC-CA2422-Z,731,39.99,29232.69,111868.07,USD,0.932875,
47,MDOVZBRQ2107313.pdf,MDOVZBRQ2107313,23/11/21,"JIANGSU MIDEA CLEANING APPLIANCES CO.,LTD",EC-CA2422-Z,731,39.99,29232.69,111868.07,USD,0.853625,Product Model
48,MDOVZBRQ2107310.pdf,MDOVZBRQ2107310,07/12/21,"JIANGSU MIDEA CLEANING APPLIANCES CO.,LTD",EC-CA2422-Z,731,39.99,29232.69,76089.44,USD,0.815375,Product Model
49,MDOVZBRQ2107310.pdf,MDOVZBRQ2107310,07/12/21,"JIANGSU MIDEA CLEANING APPLIANCES CO.,LTD","EC-BG2205A-RZ
EC-BG2005A-RZ",75,41.47,3110.25,76089.44,USD,0.894625,
50,MDOVZBRQ2107310.pdf,MDOVZBRQ2107310,07/12/21,"JIANGSU MIDEA CLEANING APPLIANCES CO.,LTD",EC-BG2205A-RZ,500,41.47,20735,76089.44,USD,0.8955,
51,MDOVZBRQ2108483-IN-PL.pdf,MDOVZBRQ2108483,22/12/21,"JIANGSU MIDEA CLEANING APPLIANCES CO.,LTD",EC-CA2422-Z,302,39.99,12076.98,12076.98,USD,0.858625,Product Model
52,MDOVZBRQ2108718 Rev.pdf,MDOVZBRQ2108718,11/01/22,"JIANGSU MIDEA CLEANING APPLIANCES CO.,LTD",EC-CA2422-Z,672,39.99,26873.28,118142.55,USD,0.8995,
53,MDOVZBRQ2108718 Rev.pdf,MDOVZBRQ2108718,11/01/22,"JIANGSU MIDEA CLEANING APPLIANCES CO.,LTD",EC-BG1601A-RZ,150,26.13,3919.5,118142.55,USD,0.8995,
54,MDOVZBRQ2108718 Rev.pdf,MDOVZBRQ2108718,11/01/22,"JIANGSU MIDEA CLEANING APPLIANCES CO.,LTD","EC-BL2003A-RZ
EC-BL2203A-RZ",605,44.2,26741,118142.55,USD,0.897625,
55,MDOVZBRQ2108718 Rev.pdf,MDOVZBRQ2108718,11/01/22,"JIANGSU MIDEA CLEANING APPLIANCES CO.,LTD","EC-BL2203A-RZ
EC-CS150DC-RZ
EC-CS150DC-RZ",15,55.86,16758,118142.55,USD,0.894625,
56,MDOVZBRQ2108718 Rev.pdf,MDOVZBRQ2108718,11/01/22,"JIANGSU MIDEA CLEANING APPLIANCES CO.,LTD",EC-CS350BDC-RZ,315,83.17,26198.55,118142.55,USD,0.8995,
57,MDOVZBRQ2108718 Rev.pdf,MDOVZBRQ2108718,11/01/22,"JIANGSU MIDEA CLEANING APPLIANCES CO.,LTD",EC-CA2422-Z,28,39.99,1119.72,118142.55,USD,0.8995,
58,MDOVZBRQ2108718.pdf,MDOVZBRQ2108718,11/01/22,"JIANGSU MIDEA CLEANING APPLIANCES CO.,LTD",EC-CA2422-Z,672,39.99,26873.28,118142.55,USD,0.890375,
59,MDOVZBRQ2108718.pdf,MDOVZBRQ2108718,11/01/22,"JIANGSU MIDEA CLEANING APPLIANCES CO.,LTD",EC-BG1601A-RZ,150,26.13,3919.5,118142.55,USD,0.890375,
60,MDOVZBRQ2108718.pdf,MDOVZBRQ2108718,11/01/22,"JIANGSU MIDEA CLEANING APPLIANCES CO.,LTD","EC-BL2003A-RZ
EC-BL2203A-RZ",605,44.2,26741,118142.55,USD,0.88975,
61,MDOVZBRQ2108718.pdf,MDOVZBRQ2108718,11/01/22,"JIANGSU MIDEA CLEANING APPLIANCES CO.,LTD","EC-BL2203A-RZ
EC-CS150DC-RZ
EC-CS150DC-RZ",15,55.86,16758,118142.55,USD,0.887625,
62,MDOVZBRQ2108718.pdf,MDOVZBRQ2108718,11/01/22,"JIANGSU MIDEA CLEANING APPLIANCES CO.,LTD",2128880,,,,118142.55,USD,0.438375,Unit Price
63,MDOVZBRQ2108718.pdf,MDOVZBRQ2108718,11/01/22,"JIANGSU MIDEA CLEANING APPLIANCES CO.,LTD",EC-CS350BDC-RZ,315,83.17,26198.55,118142.55,USD,0.890375,
64,MDOVZBRQ2108718.pdf,MDOVZBRQ2108718,11/01/22,"JIANGSU MIDEA CLEANING APPLIANCES CO.,LTD",EC-CA2422-Z,28,39.99,1119.72,118142.55,USD,0.890375,
65,MDOVZBRQ2107991.pdf,MDOVZBRQ2107991,01/01/22,"JIANGSU MIDEA CLEANING APPLIANCES CO.,LTD",EC-BG1601A-RZ,48,26.13,1254.24,9589.75,USD,0.8795,
66,MDOVZBRQ2107991.pdf,MDOVZBRQ2107991,01/01/22,"JIANGSU MIDEA CLEANING APPLIANCES CO.,LTD",EC-BL2003A-RZ,116,42.83,4968.28,9589.75,USD,0.8795,
67,MDOVZBRQ2107991.pdf,MDOVZBRQ2107991,01/01/22,"JIANGSU MIDEA CLEANING APPLIANCES CO.,LTD",EC-BL2003A-RZ,6,42.83,256.98,9589.75,USD,0.8795,
68,MDOVZBRQ2107991.pdf,MDOVZBRQ2107991,01/01/22,"JIANGSU MIDEA CLEANING APPLIANCES CO.,LTD",EC-BG2205A-RZ,75,41.47,3110.25,9589.75,USD,0.8795,
69,MDOVZBRQ2108486.pdf,MDOVZBRQ2108486,22/12/21,"JIANGSU MIDEA CLEANING APPLIANCES CO.,LTD",EC-CA1820-Z,300,33.9,10170,111868.07,USD,0.877125,
70,MDOVZBRQ2108486.pdf,MDOVZBRQ2108486,22/12/21,"JIANGSU MIDEA CLEANING APPLIANCES CO.,LTD",EC-CA1820-Z,453,33.9,15356.7,111868.07,USD,0.877125,
71,MDOVZBRQ2108486.pdf,MDOVZBRQ2108486,22/12/21,"JIANGSU MIDEA CLEANING APPLIANCES CO.,LTD",EC-CA2121-Z,350,38.03,13310.5,111868.07,USD,0.877125,
72,MDOVZBRQ2108486.pdf,MDOVZBRQ2108486,22/12/21,"JIANGSU MIDEA CLEANING APPLIANCES CO.,LTD",EC-CA2121-Z,383,38.03,14565.49,111868.07,USD,0.877125,
73,MDOVZBRQ2108486.pdf,MDOVZBRQ2108486,22/12/21,"JIANGSU MIDEA CLEANING APPLIANCES CO.,LTD",EC-CA2422-Z,731,39.99,29232.69,111868.07,USD,0.877125,
74,MDOVZBRQ2108486.pdf,MDOVZBRQ2108486,22/12/21,"JIANGSU MIDEA CLEANING APPLIANCES CO.,LTD",EC-CA2422-Z,731,39.99,29232.69,111868.07,USD,0.877125,
75,MDOVZBRQ2107429.pdf,MDOVZBRQ2107429,26/11/21,"JIANGSU MIDEA CLEANING APPLIANCES CO.,LTD",EC-CA1820-Z,753,33.9,25526.7,82635.38,USD,0.825375,Product Model
76,MDOVZBRQ2107429.pdf,MDOVZBRQ2107429,26/11/21,"JIANGSU MIDEA CLEANING APPLIANCES CO.,LTD",EC-CA2121-Z,733,38.03,27875.99,82635.38,USD,0.816625,Product Model
77,MDOVZBRQ2107429.pdf,MDOVZBRQ2107429,26/11/21,"JIANGSU MIDEA CLEANING APPLIANCES CO.,LTD",EC-CA2422-Z,731,39.99,29232.69,82635.38,USD,0.828,Product Model
78,MDOVZBRQ2108483.pdf,MDOVZBRQ2108483,22/12/21,Cleaning,EC-CA2422-Z,302,39.99,12076.98,12076.98,USD,0.86025,
79,MDOVZBRQ2108324.pdf,MDOVZBRQ2108324,06/01/22,"JIANGSU MIDEA CLEANING APPLIANCES CO.,LTD",EC-CA1820-X,753,33.9,25526.7,81872.55,USD,0.888375,
80,MDOVZBRQ2108324.pdf,MDOVZBRQ2108324,06/01/22,"JIANGSU MIDEA CLEANING APPLIANCES CO.,LTD",EC-CA2121-X,733,38.03,27875.99,81872.55,USD,0.888375,
81,MDOVZBRQ2108324.pdf,MDOVZBRQ2108324,06/01/22,"JIANGSU MIDEA CLEANING APPLIANCES CO.,LTD","EC-CA1820-X
EC-CA2121-X",47,33.9,3288.3,81872.55,USD,0.8845,
82,MDOVZBRQ2108324.pdf,MDOVZBRQ2108324,06/01/22,"JIANGSU MIDEA CLEANING APPLIANCES CO.,LTD",EC-CA2422-X,585,39.99,23394.15,81872.55,USD,0.888375,
83,MyQ_FV577627 (002).pdf,577627,01/02/22,myQ,"MyQ-X-E001/EN
MFP-MYQ-X-E001
MyQ X Enterprise License (1-9 pcs)",,,,255.36,USD,0.52775,Unit Price
84,MyQ_FV577627 (002).pdf,577627,01/02/22,myQ,"MyQ-X-E001S1Y/EN
MFP-MYQ-X-E001S1Y
MyQ X Enterprise Assurance 1Y (1-9 pcs)",1,42.56,212.8,255.36,USD,0.837875,
85,MyQ_FV577638 (002).pdf,577638,02/02/22,myQ,"MyQ-X-E001S1Y/EN MFP-MYQ-X-E001S1Y
MyQ X Enterprise Assurance 1Y (1-9 pcs)",8,42.56,340.48,340.48,USD,0.820375,Invoice Total
86,MyQ_FV577626 (002).pdf,577626,01/02/22,myQ,"MyQ-X-E001/EN
MFP-MYQ-X-E001
MyQ X Enterprise License (1-9 pcs)",1,212.8,212.8,255.36,USD,0.82425,
87,MyQ_FV577626 (002).pdf,577626,01/02/22,myQ,"MyQ-X-E001S1Y/EN
MFP-MYQ-X-E001S1Y
MyQ X Enterprise Assurance 1Y (1-9 pcs)",1,42.56,42.56,255.36,USD,0.824375,
88,MyQ_FV577639 (002).pdf,577639,02/02/22,myQ,"MyQ-X-E001/EN
MFP-MYQ-X-E001
MyQ X Enterprise License (1-9 pcs)",2,212.8,425.6,617.12,USD,0.866,
89,MyQ_FV577639 (002).pdf,577639,02/02/22,myQ,"MyQ-X-E001S3Y/EN MFP-MYQ-X-E001S3Y
MyQ X Enterprise Assurance 3Y (1-9 pcs)",2,95.76,191.52,617.12,USD,0.865625,
90,MyQ_FV577767 (3).pdf,577767,17/02/22,myQ,"MyQ-X-E001/EN MFP-MYQ-X-E001
MyQ X Enterprise License (1-9 pcs)",1,212.8,212.8,255.36,USD,0.829125,
91,MyQ_FV577767 (3).pdf,577767,17/02/22,myQ,"MyQ-X-E001S1Y/EN MFP-MYQ-X-E001S1Y
MyQ X Enterprise Assurance 1Y (1-9 pcs)",1,42.56,42.56,255.36,USD,0.834625,
92,Invoice 7800123250  (002)- consignee Vishtech.pdf,7800123250,31/01/22,SHARP/NEC,Multisync V864Q,1,2758,2758,3900,USD EUR,0.887125,
93,Invoice 7800123250  (002)- consignee Vishtech.pdf,7800123250,31/01/22,SHARP/NEC,Multisync M651,1,1142,1142,3900,USD EUR,0.88775,
94,MyQ_FV577625 (002).pdf,577625,01/02/22,myQ,"MyQ-X-E001/EN
MFP-MYQ-X-E001
MyQ X Enterprise License (1-9 pcs)",,,,1021.44,USD,0.53475,Unit Price
95,MyQ_FV577625 (002).pdf,577625,01/02/22,myQ,"MyQ-X-E001S1Y/EN
MFP-MYQ-X-E001S1Y
MyQ X Enterprise Assurance 1Y (1-9 pcs)",4,42.56,170.24,1021.44,USD,0.8455,
96,MyQ_FV577835 (2).pdf,577835,25/02/22,myQ,"MyQ-X-E001/EN MFP-MYQ-X-E001
MyQ X Enterprise License (1-9 pcs)",1,212.8,212.8,297.92,USD,0.834375,Invoice Total
97,MyQ_FV577835 (2).pdf,577835,25/02/22,myQ,"MyQ-X-E001S2Y/EN MFP-MYQ-X-E001S2Y
MyQ X Enterprise Assurance 2Y (1-9 pcs)",1,85.12,85.12,297.92,USD,0.83375,Invoice Total
98,PO 1053539 Invoice.pdf,25008083,31/03/22,SHARP,"MODEL: BP-X240
(A3BPX240
( SF23009
=",10,60000,600000,2480000,,0.898,
99,PO 1053539 Invoice.pdf,25008083,31/03/22,SHARP,"MODEL: BP-X240L
(A3BPX240L
1
( SF23010
=",40,47000,1880000,2480000,,0.90225,
100,PO 1053546 Invoice 1.pdf,25008097,31/03/22,SHARP,"MODEL: AR-7024
(A3AR7024E8SF1 )
( SF23017
=
300)
YR S/I: SMEF212931",300,356.52,106956,157790.52,USD,0.85425,Product Model
101,PO 1053546 Invoice 1.pdf,25008097,31/03/22,SHARP,"MODEL: AR-7024D
(A3AR7024D8SF1 )
{ SF23018
=
132)
YR S/I: SMEF212931",132,385.11,50834.52,157790.52,USD,0.8725,Product Model
102,PO 1053506 Invoice.pdf,25008075,31/03/22,SHARP,"MODEL: AR-7024D
(A3AR7024D8SF1 )
( SF23008
=
30)",30,385.11,11553.3,21853.3,USD,0.90675,
103,PO 1053506 Invoice.pdf,25008075,31/03/22,SHARP,"MODEL: BP-20M22
(A3BP20M22FSF1 )
( SF23007
=
20)",20,515,10300,21853.3,USD,0.934875,
104,F22006 invoice to SOHAR 2129076.pdf,F22006,16/02/22,ELECTROTEMP TECHNOLOGIES CHINA INC,SHARP BRAND GOODS(SWD-E3TLC-BE3),231,53.74,12413.94,24827.88,USD,0.90375,
105,F22006 invoice to SOHAR 2129076.pdf,F22006,16/02/22,ELECTROTEMP TECHNOLOGIES CHINA INC,SHARP BRAND GOODS(SWD-E3TLC-BK3),231,53.74,12413.94,24827.88,USD,0.90375,
106,PO 1053683 Invoice.pdf,25008088,31/03/22,SHARP,"MODEL: AR-7024D
(A3AR7024D8UW2 )",20,385.11,7702.2,7702.2,USD,0.918875,
107,25007865.pdf,25007865,29/01/22,SHARP,"MODEL: AR-7024D
(A3AR7024D8UW2 )",20,385.11,7702.2,7702.2,USD,0.898375,
108,25007865.pdf,25007865,29/01/22,SHARP,AR-7024D,,,6.72,7702.2,USD,0.5465,"Item Total, Unit Price"
109,FAT NO0499353498.pdf,6000017200,03/02/22,VESTEL HOLLAND B.V.,"SHARP
BRAND
MODEL:
QW-V815-SS2
SMEF-ELA-NOV-DW",80,220.5,17640,35280,EUR,0.8855,
110,FAT NO0499353498.pdf,6000017200,03/02/22,VESTEL HOLLAND B.V.,"SHARP
BRAND
MODEL:
QW-V815-BK2
SMEF-ELA-NOV-DW",80,220.5,17640,35280,EUR,0.885625,
111,6000018051.pdf,6000018051,25/02/22,VESTEL HOLLAND B.V.,"SHARP
BRAND
MODEL:
SJ-SR685-SS2
510
LT
SMEF-Q1-2022-REF-NEW",126,287,36162,97638,EUR,0.88475,
112,6000018051.pdf,6000018051,25/02/22,VESTEL HOLLAND B.V.,"SHARP
BRAND
MODEL:
SJ-SR765-SS2
575
LT
SMEF-Q1-2022-REF-NEW",117,322,37674,97638,EUR,0.88475,
113,6000018051.pdf,6000018051,25/02/22,VESTEL HOLLAND B.V.,"SHARP
BRAND
MODEL:
SJ-SR685-HS2
510
LT
SMEF-Q1-2022-REF-NEW",42,277,11634,97638,EUR,0.88475,
114,6000018051.pdf,6000018051,25/02/22,VESTEL HOLLAND B.V.,"SHARP
BRAND
MODEL:
SJ-SR765-HS2
575
LT
SMEF-Q1-2022-REF-NEW",39,312,12168,97638,EUR,0.88475,
115,M012022000000962.pdf,M012022000000962,19/01/22,VESTEL,SJ-BG615-SS,90,316.5,28485,154486.5,EUR,0.82875,Invoice Total
116,M012022000000962.pdf,M012022000000962,19/01/22,VESTEL,SJ-BG615-SS,32,316.5,10128,154486.5,EUR,0.82875,Invoice Total
117,M012022000000962.pdf,M012022000000962,19/01/22,VESTEL,SJ-BG725D-SS,195,387.5,75562.5,154486.5,EUR,0.82875,Invoice Total
118,M012022000000962.pdf,M012022000000962,19/01/22,VESTEL,SJ-BG725D-SS,15,387.5,5812.5,154486.5,EUR,0.82875,Invoice Total
119,M012022000000962.pdf,M012022000000962,19/01/22,VESTEL,SJ-BG615-SS,13,316.5,4114.5,154486.5,EUR,0.82875,Invoice Total
120,M012022000000962.pdf,M012022000000962,19/01/22,VESTEL,SJ-BG615-SS,90,316.5,28485,154486.5,EUR,0.82875,Invoice Total
121,M012022000000962.pdf,M012022000000962,19/01/22,VESTEL,SJ-BG615-SS,6,316.5,1899,154486.5,EUR,0.82875,Invoice Total
122,6000016243.pdf,6000016243,07/01/22,VESTEL HOLLAND B.V.,"SHARP
BRAND
MODEL:
SJ-BG465D-SS
360
LT
SMEF-ELA-Q3-OCT-NOV-",17,231.5,3935.5,36356,EUR,0.894625,
123,6000016243.pdf,6000016243,07/01/22,VESTEL HOLLAND B.V.,"SHARP
BRAND
MODEL:
SJ-BG465D-SS
360
LT
SMEF-ELA-Q3-OCT-NOV-",17,231.5,3935.5,36356,EUR,0.89475,
124,6000016243.pdf,6000016243,07/01/22,VESTEL HOLLAND B.V.,"SHARP
BRAND
MODEL:
SJ-BG615-SS
461
LT
SMEF-ELA-Q3-OCT-NOV-",45,316.5,14242.5,36356,EUR,0.89475,
125,6000016243.pdf,6000016243,07/01/22,VESTEL HOLLAND B.V.,"SHARP
BRAND
MODEL:
SJ-BG615-SS
461
LT
SMEF-ELA-Q3-OCT-NOV-",45,316.5,14242.5,36356,EUR,0.89475,
126,FAT NO0499353499.pdf,6000017201,03/02/22,VESTEL HOLLAND B.V.,"SHARP
BRAND
MODEL:
QW-V1015M-BK2
SMEF-ELA-NOV-DW",81,241.5,19561.5,39123,EUR,0.880875,
127,FAT NO0499353499.pdf,6000017201,03/02/22,VESTEL HOLLAND B.V.,"SHARP
BRAND
MODEL:
QW-V1015M-SS2
SMEF-ELA-NOV-DW",81,241.5,19561.5,39123,EUR,0.881,
128,M012022000000963.pdf,M012022000000963,19/01/22,VESTEL,SJ-BG465D-SS,17,231.5,3935.5,172080.5,EUR,0.88625,Invoice Total
129,M012022000000963.pdf,M012022000000963,19/01/22,VESTEL,SJ-BG465D-SS,17,231.5,3935.5,172080.5,EUR,0.88625,Invoice Total
130,M012022000000963.pdf,M012022000000963,19/01/22,VESTEL,SJ-BG465D-SS,17,231.5,3935.5,172080.5,EUR,0.88625,Invoice Total
131,M012022000000963.pdf,M012022000000963,19/01/22,VESTEL,SJ-BG465D-SS,17,231.5,3935.5,172080.5,EUR,0.88625,Invoice Total
132,M012022000000963.pdf,M012022000000963,19/01/22,VESTEL,SJ-BG465D-SS,8,231.5,1852,172080.5,EUR,0.88625,Invoice Total
133,M012022000000963.pdf,M012022000000963,19/01/22,VESTEL,SJ-BG725D-SS,39,387.5,15112.5,172080.5,EUR,0.88625,Invoice Total
134,M012022000000963.pdf,M012022000000963,19/01/22,VESTEL,SJ-BG725D-SS,39,387.5,15112.5,172080.5,EUR,0.88625,Invoice Total
135,M012022000000963.pdf,M012022000000963,19/01/22,VESTEL,SJ-BG725D-SS,39,387.5,15112.5,172080.5,EUR,0.88625,Invoice Total
136,M012022000000963.pdf,M012022000000963,19/01/22,VESTEL,SJ-BG725D-SS,39,387.5,15112.5,172080.5,EUR,0.88625,Invoice Total
137,M012022000000963.pdf,M012022000000963,19/01/22,VESTEL,SJ-BG725D-SS,39,387.5,15112.5,172080.5,EUR,0.886125,Invoice Total
138,M012022000000963.pdf,M012022000000963,19/01/22,VESTEL,SJ-BG725D-SS,15,387.5,5812.5,172080.5,EUR,0.88625,Invoice Total
139,M012022000000963.pdf,M012022000000963,19/01/22,VESTEL,SJ-BG615-SS,225,316.5,71212.5,172080.5,EUR,0.886375,Invoice Total
140,M012022000000963.pdf,M012022000000963,19/01/22,VESTEL,SJ-BG615-SS,6,316.5,1899,172080.5,EUR,0.88625,Invoice Total
141,PO 1053550 Invoice 1.pdf,25008029,26/03/22,SHARP,"MODEL: BP-20M22
(A3BP20M22FUW2 )
( SF23013
=
3)
YR S/I: SMEF105355",3,515,1545,122005,USD,0.87075,Product Model
142,PO 1053550 Invoice 1.pdf,25008029,26/03/22,SHARP,"MODEL: BP-20M22
(A3BP20M22FUW2 )
( SF23014
=
149)
YR S/I: SMEF105355",149,515,76735,122005,USD,0.867625,Product Model
143,PO 1053550 Invoice 1.pdf,25008029,26/03/22,SHARP,"MODEL: BP-20M22
(A3BP20M22FSF1 )
( SF23004
=
25)
YR S/I: SMEF105355",25,515,12875,122005,USD,0.871375,Product Model
144,PO 1053550 Invoice 1.pdf,25008029,26/03/22,SHARP,"MODEL: BP-20M24
(A3BP20M24FUW2 )
( SF23015
=
20)
YR S/I: SMEF105355",20,520,10400,122005,USD,0.86725,Product Model
145,PO 1053550 Invoice 1.pdf,25008029,26/03/22,SHARP,"MODEL: BP-20M24L
(A3BP20M24WUW2 )
( SF23011
=
30)
DIGTAL
MULTIFUNCTIONL SYSTEM",30,409,12270,122005,USD,0.843875,Product Model
146,PO 1053550 Invoice 1.pdf,25008029,26/03/22,SHARP,"MODEL: BP-20M24L
(A3BP20M24WSF1 )
( SF23012
=
20)
DIGTAL
MULTIFUNCTIONL SYSTEM",20,409,8180,122005,USD,0.840125,Product Model
147,FAT NO0499353248.pdf,6000017077,01/02/22,VESTEL HOLLAND B.V.,"SHARP
BRAND
MODEL:
QW-V613-SS3
SMEF-GETCO-DW-DEC",162,154.4,25012.8,49661.1,EUR,0.8885,
148,FAT NO0499353248.pdf,6000017077,01/02/22,VESTEL HOLLAND B.V.,"SHARP
BRAND
MODEL:
QW-V613-BK3
SMEF-GETCO-DW-DEC",162,152.15,24648.3,49661.1,EUR,0.888625,
149,FAT NO0499354531.pdf,6000017763,17/02/22,VESTEL HOLLAND B.V.,"SHARP
BRAND
MODEL:
QW-V615-BK3
SMEF-DW-MURAD-NOV-DEC-JAN-FEB-MAR",162,164.8,26697.6,80449.2,EUR,0.874,
150,FAT NO0499354531.pdf,6000017763,17/02/22,VESTEL HOLLAND B.V.,"SHARP
BRAND
MODEL:
QW-V615-SS3
SMEF-MURAD-DW-Q4-Q1",324,165.9,53751.6,80449.2,EUR,0.874125,
151,FAT NO0499354257.pdf,6000017616,15/02/22,VESTEL HOLLAND B.V.,SJ-SR685-SS2,42,287,12054,38476.5,EUR,0.644625,Product Model
152,FAT NO0499354257.pdf,6000017616,15/02/22,VESTEL HOLLAND B.V.,SJ-SR765-SS2,42,322,12558,38476.5,EUR,0.8785,
153,FAT NO0499354257.pdf,6000017616,15/02/22,VESTEL HOLLAND B.V.,SJ-SRD765-SS2,39,355.5,13864.5,38476.5,EUR,0.8785,
154,FAT NO0499354257.pdf,6000017616,15/02/22,VESTEL HOLLAND B.V.,,39,,,38476.5,EUR,,
155,6000016268.pdf,6000016268,07/01/22,VESTEL HOLLAND B.V.,SJ-BG615-SS,32,316.5,10128,129598.5,EUR,0.765625,
156,6000016268.pdf,6000016268,07/01/22,VESTEL HOLLAND B.V.,SJ-BG615-SS,45,316.5,14242.5,129598.5,EUR,0.886,
157,6000016268.pdf,6000016268,07/01/22,VESTEL HOLLAND B.V.,SJ-BG615-SS,11,316.5,3481.5,129598.5,EUR,0.886,
158,6000016268.pdf,6000016268,07/01/22,VESTEL HOLLAND B.V.,SJ-BG725D-SS,39,316.5,15112.5,129598.5,EUR,0.885875,
159,6000016268.pdf,6000016268,07/01/22,VESTEL HOLLAND B.V.,SJ-BG725D-SS,39,387.5,15112.5,129598.5,EUR,0.886,
160,6000016268.pdf,6000016268,07/01/22,VESTEL HOLLAND B.V.,SJ-BG725D-SS,22,387.5,8525,129598.5,EUR,0.885875,
161,6000016268.pdf,6000016268,07/01/22,VESTEL HOLLAND B.V.,SJ-BG615-SS,2,387.5,633,129598.5,EUR,0.886,
162,6000016268.pdf,6000016268,07/01/22,VESTEL HOLLAND B.V.,SJ-BG615-SS,45,316.5,14242.5,129598.5,EUR,0.886,
163,6000016268.pdf,6000016268,07/01/22,VESTEL HOLLAND B.V.,SJ-BG615-SS,45,316.5,14242.5,129598.5,EUR,0.885875,
164,6000016268.pdf,6000016268,07/01/22,VESTEL HOLLAND B.V.,SJ-BG615-SS,20,316.5,6330,129598.5,EUR,0.885875,
165,6000016268.pdf,6000016268,07/01/22,VESTEL HOLLAND B.V.,SJ-BG465D-SS,17,316.5,3935.5,129598.5,EUR,0.885875,
166,6000016268.pdf,6000016268,07/01/22,VESTEL HOLLAND B.V.,SJ-BG465D-SS,17,231.5,3935.5,129598.5,EUR,0.885875,
167,6000016268.pdf,6000016268,07/01/22,VESTEL HOLLAND B.V.,SJ-BG465D-SS,17,231.5,3935.5,129598.5,EUR,0.885875,
168,6000016268.pdf,6000016268,07/01/22,VESTEL HOLLAND B.V.,SJ-BG465D-SS,17,231.5,3935.5,129598.5,EUR,0.885875,
169,6000016268.pdf,6000016268,07/01/22,VESTEL HOLLAND B.V.,SJ-BG465D-SS,17,231.5,3935.5,129598.5,EUR,0.885875,
170,6000016268.pdf,6000016268,07/01/22,VESTEL HOLLAND B.V.,SJ-BG465D-SS,17,231.5,3935.5,129598.5,EUR,0.885875,
171,6000016268.pdf,6000016268,07/01/22,VESTEL HOLLAND B.V.,SJ-BG465D-SS,17,231.5,3935.5,129598.5,EUR,0.885875,
172,6000016268.pdf,6000016268,07/01/22,VESTEL HOLLAND B.V.,,,231.5,,129598.5,EUR,,
173,FAT NO0499352035.pdf,6000016272,07/01/22,VESTEL HOLLAND B.V.,"SHARP
BRAND
MODEL:
SJ-SR685-HS2
510
LT
SMEF-Q1-2022-REF-NEW-JORDAN",41,277,11357,23213,EUR,0.86225,
174,FAT NO0499352035.pdf,6000016272,07/01/22,VESTEL HOLLAND B.V.,"SHARP
BRAND
MODEL:
SJ-SR765-HS2
575
LT
SMEF-Q1-2022-REF-NEW-JORDAN-JMSO",38,312,11856,23213,EUR,0.86225,
175,6000016269.pdf,6000016269,07/01/22,VESTEL HOLLAND B.V.,"SHARP
BRAND
MODEL:
SJ-BG725D-SS
564
LT
SMEF-ELA-Q3-OCT-NOV-",39,387.5,15112.5,126103.5,EUR,0.864625,
176,6000016269.pdf,6000016269,07/01/22,VESTEL HOLLAND B.V.,"SHARP
BRAND
MODEL:
SJ-BG725D-SS
564
LT
SMEF-ELA-Q3-OCT-NOV-",39,387.5,15112.5,126103.5,EUR,0.864625,
177,6000016269.pdf,6000016269,07/01/22,VESTEL HOLLAND B.V.,"SHARP
BRAND
MODEL:
SJ-BG725D-SS
564
LT
SMEF-ELA-Q3-OCT-NOV-",39,387.5,15112.5,126103.5,EUR,0.864625,
178,6000016269.pdf,6000016269,07/01/22,VESTEL HOLLAND B.V.,"SHARP
BRAND
MODEL:
SJ-BG725D-SS
564
LT
SMEF-ELA-Q3-OCT-NOV-",39,387.5,15112.5,126103.5,EUR,0.864625,
179,6000016269.pdf,6000016269,07/01/22,VESTEL HOLLAND B.V.,"SHARP
BRAND
MODEL:
SJ-BG725D-SS
564
LT
SMEF-ELA-Q3-OCT-NOV-",12,387.5,4650,126103.5,EUR,0.864625,
180,6000016269.pdf,6000016269,07/01/22,VESTEL HOLLAND B.V.,"SHARP
BRAND
MODEL:
SJ-BG615-SS
461
LT
SMEF-ELA-Q4-REF",45,316.5,14242.5,126103.5,EUR,0.864625,
181,6000016269.pdf,6000016269,07/01/22,VESTEL HOLLAND B.V.,"SHARP
BRAND
MODEL:
SJ-BG615-SS
461
LT
SMEF-ELA-Q4-REF",45,316.5,14242.5,126103.5,EUR,0.864625,
182,6000016269.pdf,6000016269,07/01/22,VESTEL HOLLAND B.V.,"SHARP
BRAND
MODEL:
SJ-BG615-SS
461
LT
SMEF-ELA-Q4-REF",4,316.5,1266,126103.5,EUR,0.864625,
183,6000016269.pdf,6000016269,07/01/22,VESTEL HOLLAND B.V.,"SHARP
BRAND
MODEL:
SJ-BG465D-SS
360
LT
ELA-Q4-REF",17,231.5,3935.5,126103.5,EUR,0.864625,
184,6000016269.pdf,6000016269,07/01/22,VESTEL HOLLAND B.V.,"SHARP
BRAND
MODEL:
SJ-BG465D-SS
360
LT
ELA-Q4-REF",17,231.5,3935.5,126103.5,EUR,0.864625,
185,6000016269.pdf,6000016269,07/01/22,VESTEL HOLLAND B.V.,"SHARP
BRAND
MODEL:
SJ-BG465D-SS
360
LT
ELA-Q4-REF",17,231.5,3935.5,126103.5,EUR,0.864625,
186,6000016269.pdf,6000016269,07/01/22,VESTEL HOLLAND B.V.,"SHARP
BRAND
MODEL:
SJ-BG465D-SS
360
LT
ELA-Q4-REF",17,231.5,3935.5,126103.5,EUR,0.864625,
187,6000016269.pdf,6000016269,07/01/22,VESTEL HOLLAND B.V.,"SHARP
BRAND
MODEL:
SJ-BG465D-SS
360
LT
ELA-Q4-REF",17,231.5,3935.5,126103.5,EUR,0.864625,
188,6000016269.pdf,6000016269,07/01/22,VESTEL HOLLAND B.V.,"SHARP
BRAND
MODEL:
SJ-BG465D-SS
360
LT
ELA-Q4-REF",17,231.5,3935.5,126103.5,EUR,0.864625,
189,6000016269.pdf,6000016269,07/01/22,VESTEL HOLLAND B.V.,"SHARP
BRAND
MODEL:
SJ-BG465D-SS
360
LT
ELA-Q4-REF",33,231.5,7639.5,126103.5,EUR,0.864625,
190,6000015774.pdf,6000015774,24/12/21,VESTEL HOLLAND B.V.,"REFRIGERATOR
SHARP
BRAND
MODEL:
SJ-BG465D-SS
360
LT
ELA-Q4-REF",216,231.5,50004,50004,EUR,0.81725,Product Model
191,FAT NO0499354642.pdf,6000017852,21/02/22,VESTEL HOLLAND B.V.,"REFRIGERATOR
SHARP
BRAND
MODEL:
SJ-SR685-SS3
510
LT
SMEF-KUWAIT-REF-Q1-2022",42,287,12054,12054,EUR,0.833125,
192,6000016245.pdf,6000016245,07/01/22,VESTEL HOLLAND B.V.,"SHARP
BRAND
MODEL:
SJ-BG615-SS
461
LT
SMEF-ELA-Q3-OCT-NOV-",5,316.5,1582.5,16841,EUR,0.879,
193,6000016245.pdf,6000016245,07/01/22,VESTEL HOLLAND B.V.,"SHARP
BRAND
MODEL:
SJ-BG725D-SS
564
LT
SMEF-ELA-Q3-OCT-NOV-",25,387.5,9687.5,16841,EUR,0.879,
194,6000016245.pdf,6000016245,07/01/22,VESTEL HOLLAND B.V.,"SHARP
BRAND
MODEL:
SJ-BG725D-SS
564
LT
SMEF-ELA-Q4-REF",9,387.5,3487.5,16841,EUR,0.879,
195,6000016245.pdf,6000016245,07/01/22,VESTEL HOLLAND B.V.,"SHARP
BRAND
MODEL:
SJ-BG465D-SS
360
LT
ELA-Q4-REF",9,231.5,2083.5,16841,EUR,0.879,
196,FAT NO0499354657.pdf,6000017856,21/02/22,VESTEL HOLLAND B.V.,"DRYER
SHARP
BRAND
MODEL:
KD-FCS9113CZ-W DRYER
MAY-JUNE-EHY",108,171.13,18482.04,18482.04,EUR,0.844625,
197,6000016244.pdf,6000016244,07/01/22,VESTEL HOLLAND B.V.,"SHARP
BRAND
MODEL:
SJ-BG465D-SS
360
LT
SMEF-ELA-Q3-OCT-NOV-",40,231.5,9260,12898.5,EUR,0.88775,
198,6000016244.pdf,6000016244,07/01/22,VESTEL HOLLAND B.V.,"SHARP
BRAND
MODEL:
SJ-BG725D-SS
564
LT
SMEF-ELA-Q3-OCT-NOV-",7,387.5,2712.5,12898.5,EUR,0.88775,
199,6000016244.pdf,6000016244,07/01/22,VESTEL HOLLAND B.V.,"SHARP
BRAND
MODEL:
SJ-BG465D-SS
360
LT
ELA-Q4-REF",4,231.5,926,12898.5,EUR,0.88775,
200,M012022000000965.pdf,M012022000000965,19/01/22,VESTEL,SJ-BG465D-SS,4,222.6,890.4,288764.9,EUR,0.839,Invoice Total
201,M012022000000965.pdf,M012022000000965,19/01/22,VESTEL,SJ-BG725D-SS,3,387.5,1162.5,288764.9,EUR,0.839,Invoice Total
202,M012022000000965.pdf,M012022000000965,19/01/22,VESTEL,SJ-BG725D-SS,24,387.5,9300,288764.9,EUR,0.839125,Invoice Total
203,M012022000000965.pdf,M012022000000965,19/01/22,VESTEL,SJ-BG725D-SS,39,387.5,15112.5,288764.9,EUR,0.839,Invoice Total
204,M012022000000965.pdf,M012022000000965,19/01/22,VESTEL,SJ-BG725D-SS,28,387.5,10850,288764.9,EUR,0.839,Invoice Total
205,M012022000000965.pdf,M012022000000965,19/01/22,VESTEL,SJ-BG465D-SS,32,231.5,7408,288764.9,EUR,0.839125,Invoice Total
206,M012022000000965.pdf,M012022000000965,19/01/22,VESTEL,SJ-BG465D-SS,270,231.5,62505,288764.9,EUR,0.839125,Invoice Total
207,M012022000000965.pdf,M012022000000965,19/01/22,VESTEL,SJ-BG465D-SS,17,231.5,3935.5,288764.9,EUR,0.839,Invoice Total
208,M012022000000965.pdf,M012022000000965,19/01/22,VESTEL,SJ-BG465D-SS,17,231.5,3935.5,288764.9,EUR,0.839,Invoice Total
209,M012022000000965.pdf,M012022000000965,19/01/22,VESTEL,SJ-BG465D-SS,17,231.5,3935.5,288764.9,EUR,0.839125,Invoice Total
210,M012022000000965.pdf,M012022000000965,19/01/22,VESTEL,SJ-BG465D-SS,17,231.5,3935.5,288764.9,EUR,0.839,Invoice Total
211,M012022000000965.pdf,M012022000000965,19/01/22,VESTEL,SJ-BG465D-SS,17,231.5,3935.5,288764.9,EUR,0.839,Invoice Total
212,M012022000000965.pdf,M012022000000965,19/01/22,VESTEL,SJ-BG465D-SS,17,231.5,3935.5,288764.9,EUR,0.839,Invoice Total
213,M012022000000965.pdf,M012022000000965,19/01/22,VESTEL,SJ-BG465D-SS,17,231.5,3935.5,288764.9,EUR,0.839,Invoice Total
214,M012022000000965.pdf,M012022000000965,19/01/22,VESTEL,SJ-BG465D-SS,17,231.5,3935.5,288764.9,EUR,0.839,Invoice Total
215,M012022000000965.pdf,M012022000000965,19/01/22,VESTEL,SJ-BG465D-SS,17,231.5,3935.5,288764.9,EUR,0.839,Invoice Total
216,M012022000000965.pdf,M012022000000965,19/01/22,VESTEL,SJ-BG465D-SS,17,231.5,3935.5,288764.9,EUR,0.839,Invoice Total
217,M012022000000965.pdf,M012022000000965,19/01/22,VESTEL,SJ-BG465D-SS,20,231.5,4630,288764.9,EUR,0.839,Invoice Total
218,M012022000000965.pdf,M012022000000965,19/01/22,VESTEL,SJ-BG465D-SS,18,231.5,4167,288764.9,EUR,0.839,Invoice Total
219,M012022000000965.pdf,M012022000000965,19/01/22,VESTEL,SJ-BG465D-SS,22,231.5,5093,288764.9,EUR,0.839125,Invoice Total
220,M012022000000965.pdf,M012022000000965,19/01/22,VESTEL,SJ-BG725D-SS,11,387.5,4262.5,288764.9,EUR,0.839,Invoice Total
221,M012022000000965.pdf,M012022000000965,19/01/22,VESTEL,SJ-BG725D-SS,25,387.5,9687.5,288764.9,EUR,0.839125,Invoice Total
222,M012022000000965.pdf,M012022000000965,19/01/22,VESTEL,SJ-BG725D-SS,78,387.5,30225,288764.9,EUR,0.839,Invoice Total
223,M012022000000965.pdf,M012022000000965,19/01/22,VESTEL,SJ-BG725D-SS,15,387.5,5812.5,288764.9,EUR,0.839,Invoice Total
224,M012022000000965.pdf,M012022000000965,19/01/22,VESTEL,SJ-BG465D-SS,32,231.5,7408,288764.9,EUR,0.839,Invoice Total
225,M012022000000965.pdf,M012022000000965,19/01/22,VESTEL,SJ-BG615-SS,45,316.5,14242.5,288764.9,EUR,0.839125,Invoice Total
226,M012022000000965.pdf,M012022000000965,19/01/22,VESTEL,SJ-BG615-SS,45,316.5,14242.5,288764.9,EUR,0.839,Invoice Total
227,M012022000000965.pdf,M012022000000965,19/01/22,VESTEL,SJ-BG615-SS,45,316.5,14242.5,288764.9,EUR,0.839125,Invoice Total
228,M012022000000965.pdf,M012022000000965,19/01/22,VESTEL,SJ-BG615-SS,45,316.5,14242.5,288764.9,EUR,0.839,Invoice Total
229,M012022000000965.pdf,M012022000000965,19/01/22,VESTEL,SJ-BG615-SS,44,316.5,13926,288764.9,EUR,0.839,Invoice Total
230,FAT NO0499354641.pdf,6000017849,21/02/22,VESTEL HOLLAND B.V.,"DISH WASHER
SHARP
BRAND
MODEL:
QW-V613-WH3
SMEF-QATAR-DW",160,146.83,23492.8,23492.8,EUR,0.840375,
231,6000018082.pdf,6000018082,28/02/22,VESTEL HOLLAND B.V.,"REFRIGERATOR
SHARP
BRAND
MODEL:
SJ-SR765-HS3
575
LT
SMEF-KUWAIT-REF-Q1-2022",117,312,36504,36504,EUR,0.847125,
232,6000017616.pdf,6000017616,15/02/22,VESTEL HOLLAND B.V.,SJ-SR685-SS2,42,287,12054,38476.5,EUR,0.654375,Product Model
233,6000017616.pdf,6000017616,15/02/22,VESTEL HOLLAND B.V.,SJ-SR765-SS2,42,322,12558,38476.5,EUR,0.8885,
234,6000017616.pdf,6000017616,15/02/22,VESTEL HOLLAND B.V.,SJ-SRD765-SS2,39,355.5,13864.5,38476.5,EUR,0.8885,
235,6000017616.pdf,6000017616,15/02/22,VESTEL HOLLAND B.V.,,39,,,38476.5,EUR,,
236,FAT NO0499354640.pdf,6000017850,21/02/22,VESTEL HOLLAND B.V.,ES-FE710CZ-W,5,134.65,673.25,26134.74,EUR,0.62775,Product Model
237,FAT NO0499354640.pdf,6000017850,21/02/22,VESTEL HOLLAND B.V.,ES-FE710CZ-W,5,134.65,11445.25,26134.74,EUR,0.863625,
238,FAT NO0499354640.pdf,6000017850,21/02/22,VESTEL HOLLAND B.V.,ES-FE610CZ-W,85,129.78,14016.24,26134.74,EUR,0.8635,
239,FAT NO0499354640.pdf,6000017850,21/02/22,VESTEL HOLLAND B.V.,,108,,,26134.74,EUR,,
240,M012022000000769.pdf,M012022000000769,14/01/22,VESTEL,SJ-BG415-HS2,18,206.9,3724.2,12815.2,EUR,0.848625,Invoice Total
241,M012022000000769.pdf,M012022000000769,14/01/22,VESTEL,SJ-BG615-HS2,15,320.3,4804.5,12815.2,EUR,0.848625,Invoice Total
242,M012022000000769.pdf,M012022000000769,14/01/22,VESTEL,SJ-BG725D-HS2,4,389,1556,12815.2,EUR,0.848625,Invoice Total
243,M012022000000769.pdf,M012022000000769,14/01/22,VESTEL,SJ-SR685-HS2,5,259.4,1297,12815.2,EUR,0.848625,Invoice Total
244,M012022000000769.pdf,M012022000000769,14/01/22,VESTEL,SJ-SR765-WH2,5,286.7,1433.5,12815.2,EUR,0.848625,Invoice Total
245,6000016247.pdf,6000016247,07/01/22,VESTEL HOLLAND B.V.,SJ-BG615-SS,45,316.5,14242.5,128862,EUR,0.75225,Product Model
246,6000016247.pdf,6000016247,07/01/22,VESTEL HOLLAND B.V.,SJ-BG615-SS,20,316.5,6330,128862,EUR,0.868625,
247,6000016247.pdf,6000016247,07/01/22,VESTEL HOLLAND B.V.,SJ-BG725D-SS,14,387.5,5425,128862,EUR,0.868625,
248,6000016247.pdf,6000016247,07/01/22,VESTEL HOLLAND B.V.,SJ-BG725D-SS,5,387.5,1937.5,128862,EUR,0.8685,
249,6000016247.pdf,6000016247,07/01/22,VESTEL HOLLAND B.V.,SJ-BG725D-SS,156,387.5,60450,128862,EUR,0.8685,
250,6000016247.pdf,6000016247,07/01/22,VESTEL HOLLAND B.V.,SJ-BG725D-SS,25,387.5,9687.5,128862,EUR,0.8685,
251,6000016247.pdf,6000016247,07/01/22,VESTEL HOLLAND B.V.,SJ-BG465D-SS,68,231.5,15742,128862,EUR,0.8685,
252,6000016247.pdf,6000016247,07/01/22,VESTEL HOLLAND B.V.,SJ-BG465D-SS,17,231.5,3935.5,128862,EUR,0.8685,
253,6000016247.pdf,6000016247,07/01/22,VESTEL HOLLAND B.V.,SJ-BG465D-SS,17,231.5,3935.5,128862,EUR,0.8685,
254,6000016247.pdf,6000016247,07/01/22,VESTEL HOLLAND B.V.,SJ-BG465D-SS,31,231.5,7176.5,128862,EUR,0.8685,
255,6000015674.pdf,6000015674,23/12/21,VESTEL HOLLAND B.V.,"SHARP
BRAND
MODEL:
SJ-BG465D-SS
360
LT
SMEF-ELA-REF-JUL-AUG",3,231.5,694.5,126068.3,EUR,0.885125,
256,6000015674.pdf,6000015674,23/12/21,VESTEL HOLLAND B.V.,"SHARP
BRAND
MODEL:
SJ-BG465D-SS
360
LT
SMEF-ELA-REF-JUL-AUG",8,222.6,1780.8,126068.3,EUR,0.885125,
257,6000015674.pdf,6000015674,23/12/21,VESTEL HOLLAND B.V.,"SHARP
BRAND
MODEL:
SJ-BG465D-SS
360
LT
SMEF-ELA-Q3-OCT-NOV-",486,231.5,112509,126068.3,EUR,0.885125,
258,6000015674.pdf,6000015674,23/12/21,VESTEL HOLLAND B.V.,"SHARP
BRAND
MODEL:
SJ-BG465D-SS
360
LT
SMEF-ELA-Q3-OCT-NOV-",31,231.5,7176.5,126068.3,EUR,0.885125,
259,6000015674.pdf,6000015674,23/12/21,VESTEL HOLLAND B.V.,"SHARP
BRAND
MODEL:
SJ-BG615-SS
461
LT
SMEF-ELA-Q3-OCT-NOV-",5,316.5,1582.5,126068.3,EUR,0.885125,
260,6000015674.pdf,6000015674,23/12/21,VESTEL HOLLAND B.V.,"SHARP
BRAND
MODEL:
SJ-BG725D-SS
564
LT
ELA-Q4-REF",6,387.5,2325,126068.3,EUR,0.885125,
261,6000015703.pdf,6000015703,23/12/21,VESTEL HOLLAND B.V.,SJ-BG465D-SS,17,231.5,3935.5,57144,EUR,0.866875,
262,6000015703.pdf,6000015703,23/12/21,VESTEL HOLLAND B.V.,SJ-BG465D-SS,17,231.5,3935.5,57144,EUR,0.86675,
263,6000015703.pdf,6000015703,23/12/21,VESTEL HOLLAND B.V.,SJ-BG465D-SS,17,231.5,3935.5,57144,EUR,0.86675,
264,6000015703.pdf,6000015703,23/12/21,VESTEL HOLLAND B.V.,SJ-BG725D-SS,39,387.5,15112.5,57144,EUR,0.866875,
265,6000015703.pdf,6000015703,23/12/21,VESTEL HOLLAND B.V.,SJ-BG725D-SS,39,387.5,15112.5,57144,EUR,0.866875,
266,6000015703.pdf,6000015703,23/12/21,VESTEL HOLLAND B.V.,SJ-BG725D-SS,39,387.5,15112.5,57144,EUR,0.866625,
267,6000015667.pdf,6000015667,22/12/21,VESTEL HOLLAND B.V.,SJ-BG465D-SS,486,231.5,112509,125010,EUR,0.874875,
268,6000015667.pdf,6000015667,22/12/21,VESTEL HOLLAND B.V.,SJ-BG465D-SS,54,231.5,12501,125010,EUR,0.874875,
269,0499353185.pdf,M012022000001889,31/01/22,VESTEL,KD-FCS7100CZ-W,17,154.91,2633.47,36141.78,EUR,0.900375,
270,0499353185.pdf,M012022000001889,31/01/22,VESTEL,KD-FCS7100CZ-W,8,154.91,1239.28,36141.78,EUR,0.900375,
271,0499353185.pdf,M012022000001889,31/01/22,VESTEL,KD-FCS7100CZ-W,9,154.91,1394.19,36141.78,EUR,0.900375,
272,0499353185.pdf,M012022000001889,31/01/22,VESTEL,KD-FCS7100CZ-W,1,154.91,154.91,36141.78,EUR,0.900375,
273,0499353185.pdf,M012022000001889,31/01/22,VESTEL,KD-FCS9113CZ-W,25,171.13,4278.25,36141.78,EUR,0.900375,
274,0499353185.pdf,M012022000001889,31/01/22,VESTEL,KD-FCS9113CZ-W,6,171.13,1026.78,36141.78,EUR,0.900375,
275,0499353185.pdf,M012022000001889,31/01/22,VESTEL,KD-FCS9113CZ-W,77,171.13,13177.01,36141.78,EUR,0.900375,
276,0499353185.pdf,M012022000001889,31/01/22,VESTEL,KD-FCS7100CZ-W,79,154.91,12237.89,36141.78,EUR,0.900375,
277,6000015707.pdf,6000015707,23/12/21,VESTEL HOLLAND B.V.,SJ-BG615-SS,135,316.5,42727.5,55228.5,EUR,0.901,
278,6000015707.pdf,6000015707,23/12/21,VESTEL HOLLAND B.V.,SJ-BG465D-SS,54,231.5,12501,55228.5,EUR,0.901,
279,FAT NO0499354637.pdf,6000017848,21/02/22,VESTEL HOLLAND B.V.,"SHARP
BRAND
MODEL:
QW-V613-WH3
SMEF-DW-QATAR",54,146.8,7927.2,26109,EUR,0.865875,
280,FAT NO0499354637.pdf,6000017848,21/02/22,VESTEL HOLLAND B.V.,"SHARP
BRAND
MODEL:
QW-V613-BK3
SMEF-DW-QATAR",54,155.7,8407.8,26109,EUR,0.865875,
281,FAT NO0499354637.pdf,6000017848,21/02/22,VESTEL HOLLAND B.V.,"SHARP
BRAND
MODEL:
QW-V813-SS3
SMEF-DW-QATAR",54,181,9774,26109,EUR,0.865875,
282,6000017852.pdf,6000017852,21/02/22,VESTEL HOLLAND B.V.,SJ-SR685-SS3,42,287,12054,12054,EUR,0.924125,
283,6000015697.pdf,6000015697,23/12/21,VESTEL HOLLAND B.V.,SJ-BG465D-SS,17,387.5,15112.5,19048,EUR,0.910875,
284,6000015697.pdf,6000015697,23/12/21,VESTEL HOLLAND B.V.,SJ-BG725D-SS,,,,19048,EUR,,
285,FAT NO0499351161.pdf,6000015685,23/12/21,VESTEL HOLLAND B.V.,"FREEZER
SHARP
BRAND
MODEL:
SJ-SFR415-HS2
280
LT
SMEF-Q4-REF-MURAD",72,271.6,19555.2,19555.2,EUR,0.854125,
286,FAT NO0499354541.pdf,6000017772,17/02/22,VESTEL HOLLAND B.V.,"SHARP
BRAND
MODEL:
ES-FP814CXE-S
TBD",162,185.33,30023.46,88973.37,EUR,0.8785,
287,FAT NO0499354541.pdf,6000017772,17/02/22,VESTEL HOLLAND B.V.,"SHARP
BRAND
MODEL:
ES-FP710CXE-S
TBD",177,148.05,26204.85,88973.37,EUR,0.8785,
288,FAT NO0499354541.pdf,6000017772,17/02/22,VESTEL HOLLAND B.V.,"SHARP
BRAND
MODEL:
ES-FP914CXE-S
TBD",81,200.03,16202.43,88973.37,EUR,0.8785,
289,FAT NO0499354541.pdf,6000017772,17/02/22,VESTEL HOLLAND B.V.,"SHARP
BRAND
MODEL:
ES-FP914CXE-B
TBD",81,204.23,16542.63,88973.37,EUR,0.8785,
290,6000015709.pdf,6000015709,23/12/21,VESTEL HOLLAND B.V.,SJ-BG725D-SS,117,387.5,45337.5,45337.5,EUR,0.8845,
291,6000015696.pdf,6000015696,23/12/21,VESTEL HOLLAND B.V.,SJ-BG465D-SS,17,231.5,3935.5,37226,EUR,0.8595,
292,6000015696.pdf,6000015696,23/12/21,VESTEL HOLLAND B.V.,SJ-BG465D-SS,17,231.5,3935.5,37226,EUR,0.8595,
293,6000015696.pdf,6000015696,23/12/21,VESTEL HOLLAND B.V.,SJ-BG615-SS,45,316.5,14242.5,37226,EUR,0.860375,
294,6000015696.pdf,6000015696,23/12/21,VESTEL HOLLAND B.V.,SJ-BG725D-SS,39,387.5,15112.5,37226,EUR,0.8595,
295,6000015694.pdf,6000015694,23/12/21,VESTEL HOLLAND B.V.,SJ-BG465D-SS,17,231.5,3935.5,57144,EUR,0.842125,
296,6000015694.pdf,6000015694,23/12/21,VESTEL HOLLAND B.V.,SJ-BG465D-SS,17,231.5,3935.5,57144,EUR,0.842125,
297,6000015694.pdf,6000015694,23/12/21,VESTEL HOLLAND B.V.,SJ-BG465D-SS,17,231.5,3935.5,57144,EUR,0.842125,
298,6000015694.pdf,6000015694,23/12/21,VESTEL HOLLAND B.V.,SJ-BG725D-SS,39,387.5,15112.5,57144,EUR,0.842375,
299,6000015694.pdf,6000015694,23/12/21,VESTEL HOLLAND B.V.,SJ-BG725D-SS,39,387.5,15112.5,57144,EUR,0.84225,
300,6000015694.pdf,6000015694,23/12/21,VESTEL HOLLAND B.V.,SJ-BG725D-SS,39,387.5,15112.5,57144,EUR,0.8425,
301,6000015685.pdf,6000015685,23/12/21,VESTEL HOLLAND B.V.,"FREEZER
SHARP
BRAND
MODEL:
SJ-SFR415-HS2
280
LT
SMEF-Q4-REF-MURAD",72,271.6,19555.2,19555.2,EUR,0.85125,
302,6000017643.pdf,6000017643,16/02/22,VESTEL HOLLAND B.V.,SJ-BG615-SS,27,316.5,8545.5,42727.5,EUR,0.918375,
303,6000017643.pdf,6000017643,16/02/22,VESTEL HOLLAND B.V.,SJ-BG615-SS,18,316.5,5697,42727.5,EUR,0.918375,
304,6000017643.pdf,6000017643,16/02/22,VESTEL HOLLAND B.V.,SJ-BG615-SS,90,316.5,28485,42727.5,EUR,0.918375,
305,6000015645.pdf,6000015645,22/12/21,VECTOR,"REFRIGERATOR
SHARP BRAND MODEL: SJ-BG465D-SS 360 LT
ELA-Q4-REF",378,231.5,87507,87507,EUR,0.886125,
306,6000015693.pdf,6000015693,23/12/21,VESTEL HOLLAND B.V.,SJ-BG615-SS,135,316.5,42727.5,117039,EUR,0.912625,
307,6000015693.pdf,6000015693,23/12/21,VESTEL HOLLAND B.V.,SJ-BG465D-SS,270,231.5,62505,117039,EUR,0.91275,
308,6000015693.pdf,6000015693,23/12/21,VESTEL HOLLAND B.V.,SJ-BG465D-SS,51,231.5,11806.5,117039,EUR,0.91275,
309,FAT NO0499354372.pdf,6000017681,16/02/22,VESTEL HOLLAND B.V.,"SHARP
BRAND
MODEL:
ES-FP814CXE-S
TBD",162,185.33,30023.46,88973.37,EUR,0.87775,
310,FAT NO0499354372.pdf,6000017681,16/02/22,VESTEL HOLLAND B.V.,"SHARP
BRAND
MODEL:
ES-FP710CXE-S
TBD",177,148.05,26204.85,88973.37,EUR,0.87775,
311,FAT NO0499354372.pdf,6000017681,16/02/22,VESTEL HOLLAND B.V.,"SHARP
BRAND
MODEL:
ES-FP914CXE-S
TBD",81,200.03,16202.43,88973.37,EUR,0.87775,
312,FAT NO0499354372.pdf,6000017681,16/02/22,VESTEL HOLLAND B.V.,"SHARP
BRAND
MODEL:
ES-FP914CXE-B
TBD",81,204.23,16542.63,88973.37,EUR,0.87775,
313,6000015780.pdf,6000015780,24/12/21,VESTEL HOLLAND B.V.,"REFRIGERATOR
SHARP
BRAND
MODEL:
SJ-BG465D-SS
360
LT
ELA-Q4-REF",270,231.5,62505,62505,EUR,0.83025,Product Model
314,M012022000001282.pdf,M012022000001282,21/01/22,VESTEL,SJ-SR765-HS3,117,330.2,38633.4,38633.4,EUR,0.8715,
315,FAT NO0049249313.pdf,6000017860,21/02/22,VESTEL HOLLAND B.V.,"SHARP
BRAND
MODEL:
PN-VC753HN 17MB1
Smar
t
Boar
DEC
’21
ORDER
1
-",9,978,8802,76294.6,USD,0.856375,
316,FAT NO0049249313.pdf,6000017860,21/02/22,VESTEL HOLLAND B.V.,"SHARP
BRAND
MODEL:
PN-VC862HNS
17MB1
Sma
rt
Boar
DEC
’21
ORDER
1
-",10,1824,18240,76294.6,USD,0.85925,
317,FAT NO0049249313.pdf,6000017860,21/02/22,VESTEL HOLLAND B.V.,"SHARP
BRAND
MODEL:
PN-VC652HNS
17MB1
Sma
rt
Boar
DEC
’21
ORDER
1
-",20,650,13000,76294.6,USD,0.882125,
318,FAT NO0049249313.pdf,6000017860,21/02/22,VESTEL HOLLAND B.V.,"SHARP
BRAND
MODEL:
PN-VC862HNS
17MB1
Sma
rt
Boar
DEC
’21
ORDER
3
-",4,1812.63,7250.52,76294.6,USD,0.856375,
319,FAT NO0049249313.pdf,6000017860,21/02/22,VESTEL HOLLAND B.V.,"SHARP
BRAND
MODEL:
PN-VC862HNS
17MB1
Sma
rt
Boar
DEC
’21
ORDER
3
-",16,1812.63,29002.08,76294.6,USD,0.882375,
320,6000015783.pdf,6000015783,24/12/21,VESTEL HOLLAND B.V.,SJ-BG465D-SS,486,231.5,112509,112509,EUR,0.90225,
321,6000015768.pdf,6000015768,24/12/21,VESTEL HOLLAND B.V.,"REFRIGERATOR
SHARP
BRAND
MODEL:
SJ-BG465D-SS
360
LT
ELA-Q4-REF",378,231.5,87507,87507,EUR,0.821125,Product Model
322,6000016270.pdf,6000016270,07/01/22,VESTEL HOLLAND B.V.,"SHARP
BRAND
MODEL:
SJ-BG465D-SS
360
LT
SMEF-ELA-REF-JUL-AUG",3,231.5,694.5,163908,EUR,0.877,
323,6000016270.pdf,6000016270,07/01/22,VESTEL HOLLAND B.V.,"SHARP
BRAND
MODEL:
SJ-BG615-SS
461
LT
SMEF-ELA-Q3-OCT-NOV-",29,316.5,9178.5,163908,EUR,0.877,
324,6000016270.pdf,6000016270,07/01/22,VESTEL HOLLAND B.V.,"SHARP
BRAND
MODEL:
SJ-BG615-SS
461
LT
SMEF-ELA-Q3-OCT-NOV-",45,316.5,14242.5,163908,EUR,0.877,
325,6000016270.pdf,6000016270,07/01/22,VESTEL HOLLAND B.V.,"SHARP
BRAND
MODEL:
SJ-BG615-SS
461
LT
SMEF-ELA-Q4-REF",24,316.5,7596,163908,EUR,0.877,
326,6000016270.pdf,6000016270,07/01/22,VESTEL HOLLAND B.V.,"SHARP
BRAND
MODEL:
SJ-BG615-SS
461
LT
SMEF-ELA-Q4-REF",45,316.5,14242.5,163908,EUR,0.877,
327,6000016270.pdf,6000016270,07/01/22,VESTEL HOLLAND B.V.,"SHARP
BRAND
MODEL:
SJ-BG615-SS
461
LT
SMEF-ELA-Q4-REF",45,316.5,14242.5,163908,EUR,0.877,
328,6000016270.pdf,6000016270,07/01/22,VESTEL HOLLAND B.V.,"SHARP
BRAND
MODEL:
SJ-BG615-SS
461
LT
SMEF-ELA-Q4-REF",16,316.5,5064,163908,EUR,0.877,
329,6000016270.pdf,6000016270,07/01/22,VESTEL HOLLAND B.V.,"SHARP
BRAND
MODEL:
SJ-BG725D-SS
564
LT
ELA-Q4-REF",39,387.5,15112.5,163908,EUR,0.877,
330,6000016270.pdf,6000016270,07/01/22,VESTEL HOLLAND B.V.,"SHARP
BRAND
MODEL:
SJ-BG725D-SS
564
LT
ELA-Q4-REF",39,387.5,15112.5,163908,EUR,0.877,
331,6000016270.pdf,6000016270,07/01/22,VESTEL HOLLAND B.V.,"SHARP
BRAND
MODEL:
SJ-BG725D-SS
564
LT
ELA-Q4-REF",39,387.5,15112.5,163908,EUR,0.877,
332,6000016270.pdf,6000016270,07/01/22,VESTEL HOLLAND B.V.,"SHARP
BRAND
MODEL:
SJ-BG725D-SS
564
LT
ELA-Q4-REF",39,387.5,15112.5,163908,EUR,0.877,
333,6000016270.pdf,6000016270,07/01/22,VESTEL HOLLAND B.V.,"SHARP
BRAND
MODEL:
SJ-BG465D-SS
360
LT
ELA-Q4-REF",32,231.5,7408,163908,EUR,0.877,
334,6000016270.pdf,6000016270,07/01/22,VESTEL HOLLAND B.V.,"SHARP
BRAND
MODEL:
SJ-BG465D-SS
360
LT
ELA-Q4-REF",14,231.5,3241,163908,EUR,0.877,
335,6000016270.pdf,6000016270,07/01/22,VESTEL HOLLAND B.V.,"SHARP
BRAND
MODEL:
SJ-BG465D-SS
360
LT
ELA-Q4-REF",17,231.5,3935.5,163908,EUR,0.877,
336,6000016270.pdf,6000016270,07/01/22,VESTEL HOLLAND B.V.,"SHARP
BRAND
MODEL:
SJ-BG465D-SS
360
LT
ELA-Q4-REF",17,231.5,3935.5,163908,EUR,0.877,
337,6000016270.pdf,6000016270,07/01/22,VESTEL HOLLAND B.V.,"SHARP
BRAND
MODEL:
SJ-BG465D-SS
360
LT
ELA-Q4-REF",17,231.5,3935.5,163908,EUR,0.877,
338,6000016270.pdf,6000016270,07/01/22,VESTEL HOLLAND B.V.,"SHARP
BRAND
MODEL:
SJ-BG465D-SS
360
LT
ELA-Q4-REF",17,231.5,3935.5,163908,EUR,0.877,
339,6000016270.pdf,6000016270,07/01/22,VESTEL HOLLAND B.V.,"SHARP
BRAND
MODEL:
SJ-BG465D-SS
360
LT
ELA-Q4-REF",17,231.5,3935.5,163908,EUR,0.877,
340,6000016270.pdf,6000016270,07/01/22,VESTEL HOLLAND B.V.,"SHARP
BRAND
MODEL:
SJ-BG465D-SS
360
LT
ELA-Q4-REF",17,231.5,3935.5,163908,EUR,0.877,
341,6000016270.pdf,6000016270,07/01/22,VESTEL HOLLAND B.V.,"SHARP
BRAND
MODEL:
SJ-BG465D-SS
360
LT
ELA-Q4-REF",17,231.5,3935.5,163908,EUR,0.877,
342,FAT NO0499353497.pdf,6000017199,03/02/22,VESTEL HOLLAND B.V.,"SHARP
BRAND
MODEL:
ES-FP710CXE-B
TBD",177,152.25,26948.25,83856.96,EUR,0.84925,
343,FAT NO0499353497.pdf,6000017199,03/02/22,VESTEL HOLLAND B.V.,"SHARP
BRAND
MODEL:
ES-FP814CXE-B
TBD",162,189.53,30703.86,83856.96,EUR,0.84925,
344,FAT NO0499353497.pdf,6000017199,03/02/22,VESTEL HOLLAND B.V.,"SHARP
BRAND
MODEL:
ES-FP710CXE-S
TBD",177,148.05,26204.85,83856.96,EUR,0.84925,
345,6000016271.pdf,6000016271,07/01/22,VESTEL HOLLAND B.V.,SJ-BG615-SS,45,316.5,14242.5,143893.5,EUR,0.7665,
346,6000016271.pdf,6000016271,07/01/22,VESTEL HOLLAND B.V.,SJ-BG615-SS,45,316.5,14242.5,143893.5,EUR,0.886625,
347,6000016271.pdf,6000016271,07/01/22,VESTEL HOLLAND B.V.,SJ-BG615-SS,45,316.5,14242.5,143893.5,EUR,0.886625,
348,6000016271.pdf,6000016271,07/01/22,VESTEL HOLLAND B.V.,SJ-BG615-SS,5,316.5,1582.5,143893.5,EUR,0.886625,
349,6000016271.pdf,6000016271,07/01/22,VESTEL HOLLAND B.V.,SJ-BG725D-SS,26,316.5,10075,143893.5,EUR,0.886625,
350,6000016271.pdf,6000016271,07/01/22,VESTEL HOLLAND B.V.,SJ-BG725D-SS,39,387.5,15112.5,143893.5,EUR,0.886625,
351,6000016271.pdf,6000016271,07/01/22,VESTEL HOLLAND B.V.,SJ-BG725D-SS,39,387.5,15112.5,143893.5,EUR,0.886625,
352,6000016271.pdf,6000016271,07/01/22,VESTEL HOLLAND B.V.,SJ-BG725D-SS,39,387.5,15112.5,143893.5,EUR,0.886625,
353,6000016271.pdf,6000016271,07/01/22,VESTEL HOLLAND B.V.,SJ-BG725D-SS,3,387.5,1162.5,143893.5,EUR,0.886625,
354,6000016271.pdf,6000016271,07/01/22,VESTEL HOLLAND B.V.,SJ-BG465D-SS,17,387.5,3935.5,143893.5,EUR,0.886625,
355,6000016271.pdf,6000016271,07/01/22,VESTEL HOLLAND B.V.,SJ-BG465D-SS,17,231.5,3935.5,143893.5,EUR,0.886625,
356,6000016271.pdf,6000016271,07/01/22,VESTEL HOLLAND B.V.,SJ-BG465D-SS,17,231.5,3935.5,143893.5,EUR,0.886625,
357,6000016271.pdf,6000016271,07/01/22,VESTEL HOLLAND B.V.,SJ-BG465D-SS,17,231.5,3935.5,143893.5,EUR,0.886625,
358,6000016271.pdf,6000016271,07/01/22,VESTEL HOLLAND B.V.,SJ-BG725D-SS,13,231.5,5037.5,143893.5,EUR,0.886625,
359,6000016271.pdf,6000016271,07/01/22,VESTEL HOLLAND B.V.,SJ-BG725D-SS,3,387.5,1162.5,143893.5,EUR,0.886625,
360,6000016271.pdf,6000016271,07/01/22,VESTEL HOLLAND B.V.,SJ-BG465D-SS,17,387.5,3935.5,143893.5,EUR,0.886625,
361,6000016271.pdf,6000016271,07/01/22,VESTEL HOLLAND B.V.,SJ-BG465D-SS,17,231.5,3935.5,143893.5,EUR,0.886625,
362,6000016271.pdf,6000016271,07/01/22,VESTEL HOLLAND B.V.,SJ-BG465D-SS,17,231.5,3935.5,143893.5,EUR,0.886625,
363,6000016271.pdf,6000016271,07/01/22,VESTEL HOLLAND B.V.,SJ-BG465D-SS,40,231.5,9260,143893.5,EUR,0.886625,
364,6000016271.pdf,6000016271,07/01/22,VESTEL HOLLAND B.V.,,,231.5,,143893.5,EUR,,
365,FAT NO0499354258.pdf,6000017615,15/02/22,VESTEL HOLLAND B.V.,"SHARP
BRAND
MODEL:
QW-V615-BK3
SMEF-DW-MURAD-NOV-DEC-JAN-FEB-MAR",162,164.8,26697.6,134200.8,EUR,0.86925,
366,FAT NO0499354258.pdf,6000017615,15/02/22,VESTEL HOLLAND B.V.,"SHARP
BRAND
MODEL:
QW-V615-SS3
SMEF-MURAD-DW-Q4-Q1",648,165.9,107503.2,134200.8,EUR,0.869375,
367,6000016273.pdf,6000016273,07/01/22,VESTEL HOLLAND B.V.,SJ-BG615-SS,90,316.5,28485,36356,EUR,0.651375,Product Model
368,6000016273.pdf,6000016273,07/01/22,VESTEL HOLLAND B.V.,SJ-BG465D-SS,90,231.5,7871,36356,EUR,0.88575,
369,6000016273.pdf,6000016273,07/01/22,VESTEL HOLLAND B.V.,,34,,,36356,EUR,,
370,FAT NO0499353495.pdf,6000017197,03/02/22,VESTEL HOLLAND B.V.,"SHARP
BRAND
MODEL:
QW-V815-SS2
SMEF-ELA-DW-DEC",162,220.5,35721,71442,EUR,0.881,
371,FAT NO0499353495.pdf,6000017197,03/02/22,VESTEL HOLLAND B.V.,"SHARP
BRAND
MODEL:
QW-V815-BK2
SMEF-ELA-DW-DEC",162,220.5,35721,71442,EUR,0.881125,
372,FAT NO0499354311.pdf,6000017643,16/02/22,VESTEL HOLLAND B.V.,SJ-BG615-SS,27,316.5,8545.5,42727.5,EUR,0.76275,
373,FAT NO0499354311.pdf,6000017643,16/02/22,VESTEL HOLLAND B.V.,SJ-BG615-SS,18,316.5,5697,42727.5,EUR,0.88275,
374,FAT NO0499354311.pdf,6000017643,16/02/22,VESTEL HOLLAND B.V.,SJ-BG615-SS,90,316.5,28485,42727.5,EUR,0.88275,
375,FAT NO0499354311.pdf,6000017643,16/02/22,VESTEL HOLLAND B.V.,,,316.5,,42727.5,EUR,,
376,6000016272.pdf,6000016272,07/01/22,VESTEL HOLLAND B.V.,"SHARP
BRAND
MODEL:
SJ-SR685-HS2
510
LT
SMEF-Q1-2022-REF-NEW-JORDAN",41,277,11357,23213,EUR,0.878625,
377,6000016272.pdf,6000016272,07/01/22,VESTEL HOLLAND B.V.,"SHARP
BRAND
MODEL:
SJ-SR765-HS2
575
LT
SMEF-Q1-2022-REF-NEW-JORDAN-JMSO",38,312,11856,23213,EUR,0.878625,
378,SHXX-K211224.pdf,SHXX-K211224,01/01/22,"ZHEJIANG XINGXING REFRIGERATION CO., LTD.","SJ-K155X-SL3
BC122",251,79.06,19844.06,19844.06,$,0.920625,
379,6000019163 ITL 2129391.PDF,6000019163,24/03/22,VESTEL HOLLAND B.V.,"WASHING MACHINE
SHARP
BRAND
MODEL:
ES-FE710CZ-S
TBD",175,141.68,24794,24794,EUR,0.889125,
380,SHXX-K211227.pdf,SHXX-K211227,01/01/22,"ZHEJIANG XINGXING REFRIGERATION CO., LTD.",BC47,220,54.21,11926.2,36052.32,$,0.918,
381,SHXX-K211227.pdf,SHXX-K211227,01/01/22,"ZHEJIANG XINGXING REFRIGERATION CO., LTD.","SJ-K135X-SL3
BC90",356,67.77,24126.12,36052.32,$,0.917375,
382,SHXX-J220107.pdf,SHXX-J220107,07/01/22,"ZHEJIANG XINGXING REFRIGERATION CO., LTD.","SJ-K155X-SL3
BC122",251,79.06,19844.06,19844.06,$,0.925625,
383,SHXX-V211213.pdf,SHXX-V211213,10/12/21,"ZHEJIANG XINGXING REFRIGERATION CO., LTD.",SJ-K75XJ-SL2,9,54.21,487.89,15452.66,$,0.936,
384,SHXX-V211213.pdf,SHXX-V211213,10/12/21,"ZHEJIANG XINGXING REFRIGERATION CO., LTD.",SJ-K155XJ-SL2,30,79.06,2371.8,15452.66,$,0.96775,
385,SHXX-V211213.pdf,SHXX-V211213,10/12/21,"ZHEJIANG XINGXING REFRIGERATION CO., LTD.",SCF-K130XJ-WH2,50,81.43,4071.5,15452.66,$,0.880125,Product Model
386,SHXX-V211213.pdf,SHXX-V211213,10/12/21,"ZHEJIANG XINGXING REFRIGERATION CO., LTD.",SCF-K190XJ-WH2,10,92.9,929,15452.66,$,0.88625,Product Model
387,SHXX-V211213.pdf,SHXX-V211213,10/12/21,"ZHEJIANG XINGXING REFRIGERATION CO., LTD.",SCF-K320XJ-WH2,15,111.25,1668.75,15452.66,$,0.87925,Product Model
388,SHXX-V211213.pdf,SHXX-V211213,10/12/21,"ZHEJIANG XINGXING REFRIGERATION CO., LTD.",SCF-K400XJ-WH2,20,126.73,2534.6,15452.66,$,0.888,Product Model
389,SHXX-V211213.pdf,SHXX-V211213,10/12/21,"ZHEJIANG XINGXING REFRIGERATION CO., LTD.",SCF-K580XJ-WH2,6,194.97,1169.82,15452.66,$,0.885125,Product Model
390,SHXX-V211213.pdf,SHXX-V211213,10/12/21,"ZHEJIANG XINGXING REFRIGERATION CO., LTD.",SCF-K660X-WH2,10,221.93,2219.3,15452.66,$,0.884375,Product Model
391,SHXX-D220207-2.pdf,SHXX-D220207-2,07/02/22,"ZHEJIANG XINGXING REFRIGERATION CO., LTD.","SCF-K580X-WH3
BD-445JA",32,194.97,6239.04,20225.01,$,0.91475,
392,SHXX-D220207-2.pdf,SHXX-D220207-2,07/02/22,"ZHEJIANG XINGXING REFRIGERATION CO., LTD.","SCF-K660X-WH3
BD505JS",29,221.93,6435.97,20225.01,$,0.935875,
393,SHXX-D220207-2.pdf,SHXX-D220207-2,07/02/22,"ZHEJIANG XINGXING REFRIGERATION CO., LTD.",OCEAN FREIGHT,1,7550,7550,20225.01,$,0.968375,
394,SHXX-V210910.pdf,SHXX-V210910,13/09/21,"ZHEJIANG XINGXING REFRIGERATION CO., LTD.",SJ-K75XJ-SL2,1,54.21,54.21,14878.95,$,0.91925,
395,SHXX-V210910.pdf,SHXX-V210910,13/09/21,"ZHEJIANG XINGXING REFRIGERATION CO., LTD.",SJ-K135XJ-SL2,8,67.77,542.16,14878.95,$,0.952875,
396,SHXX-V210910.pdf,SHXX-V210910,13/09/21,"ZHEJIANG XINGXING REFRIGERATION CO., LTD.",SJ-K155XJ-SL,22,79.06,1739.32,14878.95,$,0.953625,
397,SHXX-V210910.pdf,SHXX-V210910,13/09/21,"ZHEJIANG XINGXING REFRIGERATION CO., LTD.",SJ-K155XJ-WH,20,79.06,1581.2,14878.95,$,0.955625,
398,SHXX-V210910.pdf,SHXX-V210910,13/09/21,"ZHEJIANG XINGXING REFRIGERATION CO., LTD.",SJ-K155XJ-SL2,1,79.06,79.06,14878.95,$,0.954875,
399,SHXX-V210910.pdf,SHXX-V210910,13/09/21,"ZHEJIANG XINGXING REFRIGERATION CO., LTD.",SCF-K130XJ-WH2,29,81.43,2361.47,14878.95,$,0.919,
400,SHXX-V210910.pdf,SHXX-V210910,13/09/21,"ZHEJIANG XINGXING REFRIGERATION CO., LTD.",SCF-K490XJ-WH2,30,160.57,4817.1,14878.95,$,0.95425,
401,SHXX-V210910.pdf,SHXX-V210910,13/09/21,"ZHEJIANG XINGXING REFRIGERATION CO., LTD.",SCF-K580XJ-WH2,19,194.97,3704.43,14878.95,$,0.95475,
402,SHXX-L211126.pdf,SHXX-L211126,26/11/21,"ZHEJIANG XINGXING REFRIGERATION CO., LTD.","SJ-K75XJ-SL2
BC47",151,54.21,8185.71,30504.5,$,0.88875,
403,SHXX-L211126.pdf,SHXX-L211126,26/11/21,"ZHEJIANG XINGXING REFRIGERATION CO., LTD.","SCF-K490XJ-WH2
BD355JA",71,160.57,11400.47,30504.5,$,0.889,
404,SHXX-L211126.pdf,SHXX-L211126,26/11/21,"ZHEJIANG XINGXING REFRIGERATION CO., LTD.","SCF-K580XJ-WH2
BD445JA",56,194.97,10918.32,30504.5,$,0.883875,
405,SHXX-D220207-1.pdf,SHXX-D220207-1,07/02/22,"ZHEJIANG XINGXING REFRIGERATION CO., LTD.",SJ-K135X-SL2,100,67.77,6777,24061.2,$,0.929375,
406,SHXX-D220207-1.pdf,SHXX-D220207-1,07/02/22,"ZHEJIANG XINGXING REFRIGERATION CO., LTD.","SCF-K190XJ-WH2
BD142JA",25,92.9,2322.5,24061.2,$,0.89425,
407,SHXX-D220207-1.pdf,SHXX-D220207-1,07/02/22,"ZHEJIANG XINGXING REFRIGERATION CO., LTD.","SCF-K250X-WH3
BD192JA",25,105.51,2637.75,24061.2,$,0.89375,
408,SHXX-D220207-1.pdf,SHXX-D220207-1,07/02/22,"ZHEJIANG XINGXING REFRIGERATION CO., LTD.","SCF-K400X-WH3
BD282JA",25,126.73,3168.25,24061.2,$,0.892625,
409,SHXX-D220207-1.pdf,SHXX-D220207-1,07/02/22,"ZHEJIANG XINGXING REFRIGERATION CO., LTD.","SCF-K490XJ-WH2
BD355JA",10,160.57,1605.7,24061.2,$,0.89225,
410,SHXX-D220207-1.pdf,SHXX-D220207-1,07/02/22,"ZHEJIANG XINGXING REFRIGERATION CO., LTD.",OCEAN FREIGHT,1,7550,7550,24061.2,$,0.922125,
411,SHXX-Q211212.pdf,SHXX-Q211212,15/12/21,"ZHEJIANG XINGXING REFRIGERATION CO., LTD.","SJ-K155X-SL3
BC122",251,79.06,19844.06,19844.06,$,0.907875,
412,SHXX-J211231.pdf,SHXX-J211231,01/01/22,"ZHEJIANG XINGXING REFRIGERATION CO., LTD.",BC90,712,67.77,48252.24,48252.24,$,0.923875,
413,SHXX-B210903.pdf,SHXX-B210903,03/09/21,"ZHEJIANG XINGXING REFRIGERATION CO., LTD.","SJ-K75X-SL2
SJ-K135X-SL3",315,54.21,3794.7,32412.25,$,0.897125,
414,SHXX-B210903.pdf,SHXX-B210903,03/09/21,"ZHEJIANG XINGXING REFRIGERATION CO., LTD.",OCEAN FREIGHT,1,7270,7270,32412.25,$,0.97,
415,SHXX-K211130.pdf,SHXX-K211130,03/12/21,"ZHEJIANG XINGXING REFRIGERATION CO., LTD.","SJ-K155X-SL3
BC122",250,79.06,19765,19765,$,0.892125,
416,SHXX-E220124.pdf,SHXX-E220124,24/01/22,"ZHEJIANG XINGXING REFRIGERATION CO., LTD.","SJ-K155XJ-SL
BC122",126,79.06,9961.56,19844.06,$,0.898625,
417,SHXX-E220124.pdf,SHXX-E220124,24/01/22,"ZHEJIANG XINGXING REFRIGERATION CO., LTD.","SJ-K155XJ-WH
BC122",125,79.06,9882.5,19844.06,$,0.93075,
418,SHXX-D210911.pdf,SHXX-D210911,15/09/21,"ZHEJIANG XINGXING REFRIGERATION CO., LTD.",SJ-K75X-SL2,100,54.21,5421,30683.21,$,0.925375,
419,SHXX-D210911.pdf,SHXX-D210911,15/09/21,"ZHEJIANG XINGXING REFRIGERATION CO., LTD.",SJ-K135X-SL3,125,67.77,8471.25,30683.21,$,0.926625,
420,SHXX-D210911.pdf,SHXX-D210911,15/09/21,"ZHEJIANG XINGXING REFRIGERATION CO., LTD.","SJ-K155X-SL2
BC122",116,79.06,9170.96,30683.21,$,0.8635,Product Model
421,SHXX-D210911.pdf,SHXX-D210911,15/09/21,"ZHEJIANG XINGXING REFRIGERATION CO., LTD.",OCEAN FREIGHT,1,7620,7620,30683.21,$,0.929,
422,SHXX-M220128.pdf,SHXX-M220128,26/01/22,"ZHEJIANG XINGXING REFRIGERATION CO., LTD.","SCF-K400X-WH3
BD282JA",19,126.73,2407.87,53612.52,$,0.92525,
423,SHXX-M220128.pdf,SHXX-M220128,26/01/22,"ZHEJIANG XINGXING REFRIGERATION CO., LTD.","SCF-K400XL-WH2
BD282GA",87,132.47,11524.89,53612.52,$,0.927375,
424,SHXX-M220128.pdf,SHXX-M220128,26/01/22,"ZHEJIANG XINGXING REFRIGERATION CO., LTD.","SCF-K490X-WH3
BD355JA",80,160.57,12845.6,53612.52,$,0.92675,
425,SHXX-M220128.pdf,SHXX-M220128,26/01/22,"ZHEJIANG XINGXING REFRIGERATION CO., LTD.","SCF-K580X-WH3
BD-445JA",30,194.97,5849.1,53612.52,$,0.92725,
426,SHXX-M220128.pdf,SHXX-M220128,26/01/22,"ZHEJIANG XINGXING REFRIGERATION CO., LTD.","SCF-K580XL-WH2
BD445GA",35,206.44,7225.4,53612.52,$,0.955625,
427,SHXX-M220128.pdf,SHXX-M220128,26/01/22,"ZHEJIANG XINGXING REFRIGERATION CO., LTD.","SCF-K660X-WH3
BD505JS",62,221.93,13759.66,53612.52,$,0.925125,
428,SHXX-S211130A.pdf,SHXX-S211130A,01/12/21,"ZHEJIANG XINGXING REFRIGERATION CO., LTD.","SJ-K75X-SL3
BC47",120,54.21,6505.2,49377.98,$,0.922375,
429,SHXX-S211130A.pdf,SHXX-S211130A,01/12/21,"ZHEJIANG XINGXING REFRIGERATION CO., LTD.","SJ-K135X-SL3
BC90",100,67.77,6777,49377.98,$,0.953875,
430,SHXX-S211130A.pdf,SHXX-S211130A,01/12/21,"ZHEJIANG XINGXING REFRIGERATION CO., LTD.","SCF-K190XL-WH2
BD142GA",49,96.34,4720.66,49377.98,$,0.924375,
431,SHXX-S211130A.pdf,SHXX-S211130A,01/12/21,"ZHEJIANG XINGXING REFRIGERATION CO., LTD.","SCF-K250XL-WH2
BD192GA",80,110.1,8808,49377.98,$,0.925375,
432,SHXX-S211130A.pdf,SHXX-S211130A,01/12/21,"ZHEJIANG XINGXING REFRIGERATION CO., LTD.","SCF-K320X-WH3
BD232JA",5,111.25,556.25,49377.98,$,0.954125,
433,SHXX-S211130A.pdf,SHXX-S211130A,01/12/21,"ZHEJIANG XINGXING REFRIGERATION CO., LTD.","SCF-K320XL-WH2
BD232GA",65,116.98,7603.7,49377.98,$,0.9235,
434,SHXX-S211130A.pdf,SHXX-S211130A,01/12/21,"ZHEJIANG XINGXING REFRIGERATION CO., LTD.","SCF-K400X-WH3
BD282JA",50,126.73,6336.5,49377.98,$,0.954,
435,SHXX-S211130A.pdf,SHXX-S211130A,01/12/21,"ZHEJIANG XINGXING REFRIGERATION CO., LTD.","SCF-K490XL-WH2
BD355GA",13,170.89,2221.57,49377.98,$,0.9245,
436,SHXX-S211130A.pdf,SHXX-S211130A,01/12/21,"ZHEJIANG XINGXING REFRIGERATION CO., LTD.","SCF-K580X-WH3
BD-445JA",30,194.97,5849.1,49377.98,$,0.894,
437,SHXX-L211225.pdf,SHXX-L211225,28/12/21,"ZHEJIANG XINGXING REFRIGERATION CO., LTD.","SJ-K135XJ-SL2
BC90",169,67.77,11453.13,18721.43,$,0.877875,
438,SHXX-L211225.pdf,SHXX-L211225,28/12/21,"ZHEJIANG XINGXING REFRIGERATION CO., LTD.","SCF-K130XJ-WH2
BD95JA",5,81.43,407.15,18721.43,$,0.870125,Product Model
439,SHXX-L211225.pdf,SHXX-L211225,28/12/21,"ZHEJIANG XINGXING REFRIGERATION CO., LTD.","SCF-K250XJ-WH2
BD192JA",30,105.51,3165.3,18721.43,$,0.896875,Product Model
440,SHXX-L211225.pdf,SHXX-L211225,28/12/21,"ZHEJIANG XINGXING REFRIGERATION CO., LTD.","SCF-K320XJ-WH2
BD232JA",10,111.25,1112.5,18721.43,$,0.892,Product Model
441,SHXX-L211225.pdf,SHXX-L211225,28/12/21,"ZHEJIANG XINGXING REFRIGERATION CO., LTD.","SCF-K400XJ-WH2
BD282JA",5,126.73,633.65,18721.43,$,0.8625,Product Model
442,SHXX-L211225.pdf,SHXX-L211225,28/12/21,"ZHEJIANG XINGXING REFRIGERATION CO., LTD.",SCF-K580XJ-WH2,10,194.97,1949.7,18721.43,$,0.8385,Product Model
443,SHXX-J211222.pdf,SHXX-J211222,20/12/21,"ZHEJIANG XINGXING REFRIGERATION CO., LTD.","SCF-K190X-WH2
BD142JA",79,92.9,7339.1,28251.23,$,0.900125,
444,SHXX-J211222.pdf,SHXX-J211222,20/12/21,"ZHEJIANG XINGXING REFRIGERATION CO., LTD.","SCF-K320X-WH2
BD-232JA",78,111.25,8677.5,28251.23,$,0.89025,Product Model
445,SHXX-J211222.pdf,SHXX-J211222,20/12/21,"ZHEJIANG XINGXING REFRIGERATION CO., LTD.","SCF-K400X-SL3
BD282JA",20,126.73,2534.6,28251.23,$,0.89975,
446,SHXX-J211222.pdf,SHXX-J211222,20/12/21,"ZHEJIANG XINGXING REFRIGERATION CO., LTD.","SCF-K400X-WH3
BD282JA",17,126.73,2154.41,28251.23,$,0.891375,Product Model
447,SHXX-J211222.pdf,SHXX-J211222,20/12/21,"ZHEJIANG XINGXING REFRIGERATION CO., LTD.","SCF-K660X-WH2
BD-505JS",34,221.93,7545.62,28251.23,$,0.88375,Product Model
448,SHXX-K220116.pdf,SHXX-K220116,17/01/22,"ZHEJIANG XINGXING REFRIGERATION CO., LTD.","SJ-K135X-SL3
BC90",132,67.77,8945.64,16331.34,$,0.920875,
449,SHXX-K220116.pdf,SHXX-K220116,17/01/22,"ZHEJIANG XINGXING REFRIGERATION CO., LTD.","SCF-K250X-WH3
BD192JA",70,105.51,7385.7,16331.34,$,0.921375,
450,SHXX-S211130B.pdf,SHXX-S211130B,01/12/21,"ZHEJIANG XINGXING REFRIGERATION CO., LTD.","SCF-K250XL-WH2
BD192GA",47,110.1,5174.7,28366.11,$,0.883625,
451,SHXX-S211130B.pdf,SHXX-S211130B,01/12/21,"ZHEJIANG XINGXING REFRIGERATION CO., LTD.","SCF-K320XL-WH2
BD232GA",117,116.98,13686.66,28366.11,$,0.94425,
452,SHXX-S211130B.pdf,SHXX-S211130B,01/12/21,"ZHEJIANG XINGXING REFRIGERATION CO., LTD.","SCF-K400X-SL3
BD282JA",75,126.73,9504.75,28366.11,$,0.94425,
453,SHXX-D210901.pdf,SHXX-D210901,30/08/21,"ZHEJIANG XINGXING REFRIGERATION CO., LTD.","SCF-K250XL-WH2
BD192GA",18,110.1,1981.8,21494.02,$,0.8805,
454,SHXX-D210901.pdf,SHXX-D210901,30/08/21,"ZHEJIANG XINGXING REFRIGERATION CO., LTD.","SCF-K580XL-WH2
BD445GA",10,206.44,2064.4,21494.02,$,0.866375,
455,SHXX-D210901.pdf,SHXX-D210901,30/08/21,"ZHEJIANG XINGXING REFRIGERATION CO., LTD.","SCF-K400XL-WH2
BD282GA",28,132.47,3709.16,21494.02,$,0.87525,
456,SHXX-D210901.pdf,SHXX-D210901,30/08/21,"ZHEJIANG XINGXING REFRIGERATION CO., LTD.","SCF-K660X-WH3
BD505JS",10,221.93,2219.3,21494.02,$,0.859,Product Model
457,SHXX-D210901.pdf,SHXX-D210901,30/08/21,"ZHEJIANG XINGXING REFRIGERATION CO., LTD.","SCF-K320XL-WH2
BD232GA",20,116.98,2339.6,21494.02,$,0.8965,
458,SHXX-D210901.pdf,SHXX-D210901,30/08/21,"ZHEJIANG XINGXING REFRIGERATION CO., LTD.","SCF-K580X-WH2
BD445JA",8,194.97,1559.76,21494.02,$,0.865625,
459,SHXX-D210901.pdf,SHXX-D210901,30/08/21,"ZHEJIANG XINGXING REFRIGERATION CO., LTD.",,1,7620,,21494.02,$,,
460,SHXX-K220115.pdf,SHXX-K220115,24/01/22,"ZHEJIANG XINGXING REFRIGERATION CO., LTD.",SJ-K75X-SL3,296,54.21,16046.16,27567.06,$,0.918,
461,SHXX-K220115.pdf,SHXX-K220115,24/01/22,"ZHEJIANG XINGXING REFRIGERATION CO., LTD.","SJ-K135X-SL3
BC90",170,67.77,11520.9,27567.06,$,0.915625,
462,SHXX-N220126.pdf,SHXX-N220126,01/02/22,"ZHEJIANG XINGKING REFRIGERATION CO., LTD.","SCF-K190XL-WH2
BD142GA",1849,96.34,178132.66,292895.18,$,0.90675,
463,SHXX-N220126.pdf,SHXX-N220126,01/02/22,"ZHEJIANG XINGKING REFRIGERATION CO., LTD.","SCF-K250XL-WH2
BD192GA",680,110.1,74868,292895.18,$,0.909125,
464,SHXX-N220126.pdf,SHXX-N220126,01/02/22,"ZHEJIANG XINGKING REFRIGERATION CO., LTD.","SCF-K320XL-WH2
BD232GA",150,116.98,17547,292895.18,$,0.93925,
465,SHXX-N220126.pdf,SHXX-N220126,01/02/22,"ZHEJIANG XINGKING REFRIGERATION CO., LTD.","SCF-K400XL-WH2
BD282GA",69,132.47,9140.43,292895.18,$,0.939125,
466,SHXX-N220126.pdf,SHXX-N220126,01/02/22,"ZHEJIANG XINGKING REFRIGERATION CO., LTD.","SCF-K580XL-WH2
BD445GA",50,206.44,10322,292895.18,$,0.907625,
467,SHXX-N220126.pdf,SHXX-N220126,01/02/22,"ZHEJIANG XINGKING REFRIGERATION CO., LTD.","SCF-K660X-WH3
BD505JS",13,221.93,2885.09,292895.18,$,0.90875,
468,SHXX-O220216.pdf,SHXX-O220216,01/03/22,"ZHEJIANG XINGXING REFRIGERATION CO., LTD.","SCF-K400X-WH3
BD282JA",106,126.73,13433.38,26106.43,$,0.9015,
469,SHXX-O220216.pdf,SHXX-O220216,01/03/22,"ZHEJIANG XINGXING REFRIGERATION CO., LTD.","SCF-K580X-WH3
BD-445JA",65,194.97,12673.05,26106.43,$,0.926625,
470,SHXX-K211111.pdf,SHXX-K211111,22/11/21,"ZHEJIANG XINGXING REFRIGERATION CO., LTD.","SJ-K135X-SL3
BC90",14,67.77,948.78,6623.02,$,0.874625,
471,SHXX-K211111.pdf,SHXX-K211111,22/11/21,"ZHEJIANG XINGXING REFRIGERATION CO., LTD.","SCF-K130X-WH3
BD95JA",37,81.43,3012.91,6623.02,$,0.913875,
472,SHXX-K211111.pdf,SHXX-K211111,22/11/21,"ZHEJIANG XINGXING REFRIGERATION CO., LTD.","SCF-K400X-WH3
BD282JA",21,126.73,2661.33,6623.02,$,0.916375,
473,SHXX-J220223.pdf,SHXX-J220223,24/02/22,"ZHEJIANG XINGXING REFRIGERATION CO., LTD.","SJ-K75X-WH3
BC47",296,54.21,16046.16,23066.29,$,0.925875,
474,SHXX-J220223.pdf,SHXX-J220223,24/02/22,"ZHEJIANG XINGXING REFRIGERATION CO., LTD.","SCF-K190X-WH3
BD142JA",18,92.9,1672.2,23066.29,$,0.92125,
475,SHXX-J220223.pdf,SHXX-J220223,24/02/22,"ZHEJIANG XINGXING REFRIGERATION CO., LTD.","SCF-K250X-WH3
BD192JA",18,105.51,1899.18,23066.29,$,0.909125,
476,SHXX-J220223.pdf,SHXX-J220223,24/02/22,"ZHEJIANG XINGXING REFRIGERATION CO., LTD.","SCF-K320X-WH3
BD232JA",31,111.25,3448.75,23066.29,$,0.921125,
477,SHXX-S210814.pdf,SHXX-S210814,26/08/21,"ZHEJIANG XINGXING REFRIGERATION CO., LTD.",SJ-K155X-SL2,251,79.06,19844.06,87814.72,$,0.911625,
478,SHXX-S210814.pdf,SHXX-S210814,26/08/21,"ZHEJIANG XINGXING REFRIGERATION CO., LTD.",SCF-K190X-WH2,100,92.9,9290,87814.72,$,0.914125,
479,SHXX-S210814.pdf,SHXX-S210814,26/08/21,"ZHEJIANG XINGXING REFRIGERATION CO., LTD.",SCF-K250X-WH2,100,105.51,10551,87814.72,$,0.943875,
480,SHXX-S210814.pdf,SHXX-S210814,26/08/21,"ZHEJIANG XINGXING REFRIGERATION CO., LTD.",SCF-K320X-WH2,70,111.25,7787.5,87814.72,$,0.855875,Product Model
481,SHXX-S210814.pdf,SHXX-S210814,26/08/21,"ZHEJIANG XINGXING REFRIGERATION CO., LTD.",SCF-K400X-WH2,40,126.73,5069.2,87814.72,$,0.857375,Product Model
482,SHXX-S210814.pdf,SHXX-S210814,26/08/21,"ZHEJIANG XINGXING REFRIGERATION CO., LTD.",SCF-K400X-WH3,30,126.73,3801.9,87814.72,$,0.865875,Product Model
483,SHXX-S210814.pdf,SHXX-S210814,26/08/21,"ZHEJIANG XINGXING REFRIGERATION CO., LTD.",SCF-K490X-WH2,75,160.57,12042.75,87814.72,$,0.915125,
484,SHXX-S210814.pdf,SHXX-S210814,26/08/21,"ZHEJIANG XINGXING REFRIGERATION CO., LTD.",SCF-K490X-WH3,19,160.57,3050.83,87814.72,$,0.943875,
485,SHXX-S210814.pdf,SHXX-S210814,26/08/21,"ZHEJIANG XINGXING REFRIGERATION CO., LTD.",SCF-K580X-WH2,60,194.97,11698.2,87814.72,$,0.9165,
486,SHXX-S210814.pdf,SHXX-S210814,26/08/21,"ZHEJIANG XINGXING REFRIGERATION CO., LTD.",SCF-K580X-WH3,24,194.97,4679.28,87814.72,$,0.9435,
487,SHXX-C210826.pdf,SHXX-C210826,24/08/21,"ZHEJIANG XINGKING REFRIGERATION CO., LTD.",SCF-K190XL-WH2,25,96.34,2408.5,21788.57,$,0.8785,
488,SHXX-C210826.pdf,SHXX-C210826,24/08/21,"ZHEJIANG XINGKING REFRIGERATION CO., LTD.",SCF-K250XL-WH2,24,110.1,2642.4,21788.57,$,0.895375,
489,SHXX-C210826.pdf,SHXX-C210826,24/08/21,"ZHEJIANG XINGKING REFRIGERATION CO., LTD.",SCF-K320XL-WH2,26,116.98,3041.48,21788.57,$,0.8955,
490,SHXX-C210826.pdf,SHXX-C210826,24/08/21,"ZHEJIANG XINGKING REFRIGERATION CO., LTD.",SCF-K400XL-WH2,24,132.47,3179.28,21788.57,$,0.895875,
491,SHXX-C210826.pdf,SHXX-C210826,24/08/21,"ZHEJIANG XINGKING REFRIGERATION CO., LTD.",SCF-K490XL-WH2,19,170.89,3246.91,21788.57,$,0.89575,
492,SHXX-C210826.pdf,SHXX-C210826,24/08/21,"ZHEJIANG XINGKING REFRIGERATION CO., LTD.",OCEAN FREIGHT,1,7270,7270,21788.57,$,0.88875,
493,SHXX-V210831.pdf,SHXX-V210831,01/09/21,"ZHEJIANG XINGXING REFRIGERATION CO., LTD.",SCF-K250XJ-WH2,4,105.51,422.04,31702.23,$,0.93225,
494,SHXX-V210831.pdf,SHXX-V210831,01/09/21,"ZHEJIANG XINGXING REFRIGERATION CO., LTD.",SCF-K320XJ-WH2,45,111.25,5006.25,31702.23,$,0.93375,
495,SHXX-V210831.pdf,SHXX-V210831,01/09/21,"ZHEJIANG XINGXING REFRIGERATION CO., LTD.",SCF-K400XJ-WH2,25,126.73,3168.25,31702.23,$,0.839375,Product Model
496,SHXX-V210831.pdf,SHXX-V210831,01/09/21,"ZHEJIANG XINGXING REFRIGERATION CO., LTD.",SCF-K490XJ-WH2,15,160.57,2408.55,31702.23,$,0.934875,
497,SHXX-V210831.pdf,SHXX-V210831,01/09/21,"ZHEJIANG XINGXING REFRIGERATION CO., LTD.",SCF-K580XJ-WH2,11,194.97,2144.67,31702.23,$,0.839375,Product Model
498,SHXX-V210831.pdf,SHXX-V210831,01/09/21,"ZHEJIANG XINGXING REFRIGERATION CO., LTD.",SJ-K135XJ-SL2,65,67.77,4405.05,31702.23,$,0.933875,
499,SHXX-V210831.pdf,SHXX-V210831,01/09/21,"ZHEJIANG XINGXING REFRIGERATION CO., LTD.",SJ-K155XJ-SL2,24,79.06,1897.44,31702.23,$,0.9345,
500,SHXX-V210831.pdf,SHXX-V210831,01/09/21,"ZHEJIANG XINGXING REFRIGERATION CO., LTD.",SCF-K130XJ-WH2,75,81.43,6107.25,31702.23,$,0.933375,
501,SHXX-V210831.pdf,SHXX-V210831,01/09/21,"ZHEJIANG XINGXING REFRIGERATION CO., LTD.",SCF-K190XJ-WH2,40,92.9,3716,31702.23,$,0.934,
502,SHXX-V210831.pdf,SHXX-V210831,01/09/21,"ZHEJIANG XINGXING REFRIGERATION CO., LTD.",SCF-K250XJ-WH2,23,105.51,2426.73,31702.23,$,0.93475,
503,SHXX-K211129.pdf,SHXX-K211129,03/12/21,"ZHEJIANG XINGXING REFRIGERATION CO., LTD.",BC47,220,54.21,11926.2,11926.2,$,0.92575,
504,SHXX-J211201.pdf,SHXX-J211201,01/12/21,"ZHEJIANG XINGXING REFRIGERATION CO., LTD.","SCF-K320XL-WH2
BD232GA",31,116.98,3626.38,53555,$,0.8745,
505,SHXX-J211201.pdf,SHXX-J211201,01/12/21,"ZHEJIANG XINGXING REFRIGERATION CO., LTD.","SCF-K400X-WH3
BD282JA",103,126.73,13053.19,53555,$,0.90675,
506,SHXX-J211201.pdf,SHXX-J211201,01/12/21,"ZHEJIANG XINGXING REFRIGERATION CO., LTD.","SCF-K490XL-WH2
BD355GA",8,170.89,1367.12,53555,$,0.902625,
507,SHXX-J211201.pdf,SHXX-J211201,01/12/21,"ZHEJIANG XINGXING REFRIGERATION CO., LTD.","SCF-K580X-SL3
BD445JA",30,194.97,5849.1,53555,$,0.906875,
508,SHXX-J211201.pdf,SHXX-J211201,01/12/21,"ZHEJIANG XINGXING REFRIGERATION CO., LTD.","SCF-K580X-WH3
BD-445JA",33,194.97,6434.01,53555,$,0.902375,
509,SHXX-J211201.pdf,SHXX-J211201,01/12/21,"ZHEJIANG XINGXING REFRIGERATION CO., LTD.","SCF-K580XL-WH2
BD445GA",5,206.44,1032.2,53555,$,0.902625,
510,SHXX-J211201.pdf,SHXX-J211201,01/12/21,"ZHEJIANG XINGXING REFRIGERATION CO., LTD.","SCF-K660X-WH2
BD-505JS",36,221.93,7989.48,53555,$,0.869375,
511,SHXX-J211201.pdf,SHXX-J211201,01/12/21,"ZHEJIANG XINGXING REFRIGERATION CO., LTD.","SCF-K660X-WH3
BD505JS",64,221.93,14203.52,53555,$,0.90175,
512,SHXX-K210829.pdf,SHXX-K210829,27/08/21,"ZHEJIANG XINGXING REFRIGERATION CO., LTD.","SCF-K400X-WH3
BD282JA",106,126.73,13433.38,13433.38,$,0.9065,Qty
513,SHXX-Q211223.pdf,SHXX-Q211223,24/12/21,"ZHEJIANG XINGXING REFRIGERATION CO., LTD.",SJ-K75X-SL3,592,54.21,32092.32,68658.38,$,0.898125,
514,SHXX-Q211223.pdf,SHXX-Q211223,24/12/21,"ZHEJIANG XINGXING REFRIGERATION CO., LTD.",SJ-K155X-SL3,251,79.06,19844.06,68658.38,$,0.931125,
515,SHXX-Q211223.pdf,SHXX-Q211223,24/12/21,"ZHEJIANG XINGXING REFRIGERATION CO., LTD.",SCF-K190X-WH3,180,92.9,16722,68658.38,$,0.93975,
516,SHXX-L210828B.pdf,SHXX-L210828B,24/08/21,"ZHEJIANG XINGXING REFRIGERATION CO., LTD.","SCF-K580XL-WH2
BD445GA",7,206.44,1445.08,21262.56,$,0.838875,Product Model
517,SHXX-L210828B.pdf,SHXX-L210828B,24/08/21,"ZHEJIANG XINGXING REFRIGERATION CO., LTD.",SCF-K400XL-WH2,11,132.47,1457.17,21262.56,$,0.820125,Product Model
518,SHXX-L210828B.pdf,SHXX-L210828B,24/08/21,"ZHEJIANG XINGXING REFRIGERATION CO., LTD.",SCF-K660X-WH2,10,221.93,2219.3,21262.56,$,0.828625,Product Model
519,SHXX-L210828B.pdf,SHXX-L210828B,24/08/21,"ZHEJIANG XINGXING REFRIGERATION CO., LTD.",SCF-K490X-WH3,17,160.57,2729.69,21262.56,$,0.831625,Product Model
520,SHXX-L210828B.pdf,SHXX-L210828B,24/08/21,"ZHEJIANG XINGXING REFRIGERATION CO., LTD.",SCF-K320XL-WH2,25,116.98,2924.5,21262.56,$,0.83075,Product Model
521,SHXX-L210828B.pdf,SHXX-L210828B,24/08/21,"ZHEJIANG XINGXING REFRIGERATION CO., LTD.",SCF-K130X-WH3,14,81.43,1140.02,21262.56,$,0.829375,Product Model
522,SHXX-L210828B.pdf,SHXX-L210828B,24/08/21,"ZHEJIANG XINGXING REFRIGERATION CO., LTD.",SCF-K190XL-WH2,20,96.34,1926.8,21262.56,$,0.828125,Product Model
523,SHXX-L210828B.pdf,SHXX-L210828B,24/08/21,"ZHEJIANG XINGXING REFRIGERATION CO., LTD.",OCEAN FREIGHT,1,7420,7420,21262.56,$,0.904875,
524,SHXX-L210828A.pdf,SHXX-L210828A,25/08/21,"ZHEJIANG XINGXING REFRIGERATION CO., LTD.",SJ-K75X-SL2,175,54.21,9486.75,32052.85,$,0.93175,
525,SHXX-L210828A.pdf,SHXX-L210828A,25/08/21,"ZHEJIANG XINGXING REFRIGERATION CO., LTD.","SJ-K135X-SL2
BC90",71,67.77,4811.67,32052.85,$,0.895625,
526,SHXX-L210828A.pdf,SHXX-L210828A,25/08/21,"ZHEJIANG XINGXING REFRIGERATION CO., LTD.","SJ-K135X-SL3
BC90",37,67.77,2507.49,32052.85,$,0.9245,
527,SHXX-L210828A.pdf,SHXX-L210828A,25/08/21,"ZHEJIANG XINGXING REFRIGERATION CO., LTD.","SJ-K155X-SL2
BC122",69,79.06,5455.14,32052.85,$,0.923875,
528,SHXX-L210828A.pdf,SHXX-L210828A,25/08/21,"ZHEJIANG XINGXING REFRIGERATION CO., LTD.","SJ-K155X-WH3
BC122",30,79.06,2371.8,32052.85,$,0.923625,
529,SHXX-L210828A.pdf,SHXX-L210828A,25/08/21,"ZHEJIANG XINGXING REFRIGERATION CO., LTD.",OCEAN FREIGHT,1,7420,7420,32052.85,$,0.960875,
530,SHXX-O220129.pdf,SHXX-O220129,26/01/22,"ZHEJIANG XINGXING REFRIGERATION CO., LTD.","SCF-K660X-WH3
BD505JS",62,221.93,13759.66,13759.66,$,0.928625,
531,SHXX-Z211124.pdf,SHXX-Z211124,22/11/21,"ZHEJIANG XINGXING REFRIGERATION CO., LTD.","SCF-K130X-WH3
BD95JA",90,81.43,7328.7,31277.44,$,0.886875,
532,SHXX-Z211124.pdf,SHXX-Z211124,22/11/21,"ZHEJIANG XINGXING REFRIGERATION CO., LTD.","SCF-K190XL-WH2
BD142GA",88,96.34,8477.92,31277.44,$,0.89925,
533,SHXX-Z211124.pdf,SHXX-Z211124,22/11/21,"ZHEJIANG XINGXING REFRIGERATION CO., LTD.","SCF-K250X-WH2
BD192JA",4,105.51,422.04,31277.44,$,0.903875,
534,SHXX-Z211124.pdf,SHXX-Z211124,22/11/21,"ZHEJIANG XINGXING REFRIGERATION CO., LTD.","SCF-K250X-WH3
BD192JA",38,105.51,4009.38,31277.44,$,0.90425,
535,SHXX-Z211124.pdf,SHXX-Z211124,22/11/21,"ZHEJIANG XINGXING REFRIGERATION CO., LTD.","SCF-K250XL-WH2
BD192GA",3,110.1,330.3,31277.44,$,0.90375,
536,SHXX-Z211124.pdf,SHXX-Z211124,22/11/21,"ZHEJIANG XINGXING REFRIGERATION CO., LTD.","SCF-K320X-WH3
BD232JA",45,111.25,5006.25,31277.44,$,0.89925,
537,SHXX-Z211124.pdf,SHXX-Z211124,22/11/21,"ZHEJIANG XINGXING REFRIGERATION CO., LTD.","SCF-K400X-WH3
BD282JA",45,126.73,5702.85,31277.44,$,0.889125,
538,SHXX-Q220117.pdf,SHXX-Q220117,20/01/21,"ZHEJIANG XINGXING REFRIGERATION CO., LTD.","SCF-K190X-WH3
BD142JA",180,92.9,16722,16722,$,0.861125,
539,SHXX-L220127.pdf,SHXX-L220127,26/01/22,"ZHEJIANG XINGXING REFRIGERATION CO., LTD.","SCF-K190XJ-WH2
BD142JA",180,92.9,16722,61539.56,$,0.903375,
540,SHXX-L220127.pdf,SHXX-L220127,26/01/22,"ZHEJIANG XINGXING REFRIGERATION CO., LTD.","SCF-K490XJ-WH2
BD355JA",80,160.57,12845.6,61539.56,$,0.92725,
541,SHXX-L220127.pdf,SHXX-L220127,26/01/22,"ZHEJIANG XINGXING REFRIGERATION CO., LTD.","SCF-K130XJ-WH2
BD95JA",237,81.43,19298.91,61539.56,$,0.92725,
542,SHXX-L220127.pdf,SHXX-L220127,26/01/22,"ZHEJIANG XINGXING REFRIGERATION CO., LTD.","SCF-K580XJ-WH2
BD445JA",65,194.97,12673.05,61539.56,$,0.92675,
543,SHXX-J220108.pdf,SHXX-J220108,07/01/22,"ZHEJIANG XINGXING REFRIGERATION CO., LTD.",SJ-K75X-SL3,198,54.21,10733.58,40631.43,$,0.93225,
544,SHXX-J220108.pdf,SHXX-J220108,07/01/22,"ZHEJIANG XINGXING REFRIGERATION CO., LTD.","SJ-K135X-SL3
BC90",232,67.77,15722.64,40631.43,$,0.922375,
545,SHXX-J220108.pdf,SHXX-J220108,07/01/22,"ZHEJIANG XINGXING REFRIGERATION CO., LTD.","SCF-K130X-WH3
BD95JA",32,81.43,2605.76,40631.43,$,0.92025,
546,SHXX-J220108.pdf,SHXX-J220108,07/01/22,"ZHEJIANG XINGXING REFRIGERATION CO., LTD.","SCF-K400X-WH3
BD282JA",30,126.73,3801.9,40631.43,$,0.905125,Product Model
547,SHXX-J220108.pdf,SHXX-J220108,07/01/22,"ZHEJIANG XINGXING REFRIGERATION CO., LTD.","SCF-K660X-WH3
BD505JS",35,221.93,7767.55,40631.43,$,0.90425,Product Model